[
    {
        "_id": "rJRgVFVlddO",
        "_deleted": false,
        "_createdAt": "2021-05-06T10:00:11.932Z",
        "_modifiedAt": "2021-05-06T10:00:11.932Z",
        "_lv": 1,
        "deploymentVersion": 1,
        "enabled": false,
        "backendId": "SyMfbiPuu",
        "modelId": "AccessKey",
        "event": "function afterDelete (event){\n /* Add Your Logic Here\t\n\t//apis.utility.logger.debug();\n\t*/\n}",
        "eventName": "afterDelete",
        "_v": 0
    },
    {
        "_id": "B1Jb4tVxdOO",
        "_deleted": false,
        "_createdAt": "2021-05-06T10:00:11.867Z",
        "_modifiedAt": "2021-05-06T10:00:11.867Z",
        "_lv": 1,
        "deploymentVersion": 1,
        "enabled": false,
        "backendId": "SyMfbiPuu",
        "modelId": "AccessKey",
        "event": "function afterRead (event){\n /* Add Your Logic Here\t\n\t//apis.utility.logger.debug();\n\t*/\n}",
        "eventName": "afterRead",
        "_v": 0
    },
    {
        "_id": "SJgWEtVg_Od",
        "_deleted": false,
        "_createdAt": "2021-05-06T10:00:11.836Z",
        "_modifiedAt": "2021-05-06T10:00:11.836Z",
        "_lv": 1,
        "deploymentVersion": 1,
        "enabled": false,
        "backendId": "SyMfbiPuu",
        "modelId": "AccessKey",
        "event": "function afterSave (event){\n /* Add Your Logic Here\t\n\t//apis.utility.logger.debug();\n\t*/\n}",
        "eventName": "afterSave",
        "_v": 0
    },
    {
        "_id": "rkbW4KNx_Ou",
        "_deleted": false,
        "_createdAt": "2021-05-06T10:00:11.915Z",
        "_modifiedAt": "2021-05-06T10:00:11.915Z",
        "_lv": 1,
        "deploymentVersion": 1,
        "enabled": false,
        "backendId": "SyMfbiPuu",
        "modelId": "AccessKey",
        "event": "function beforeDelete (event){\n /* Add Your Logic Here\t\n\t//apis.utility.logger.debug();\n\t*/\n}",
        "eventName": "beforeDelete",
        "_v": 0
    },
    {
        "_id": "SyGWVFNgud_",
        "_deleted": false,
        "_createdAt": "2021-05-06T10:00:11.777Z",
        "_modifiedAt": "2021-05-06T10:00:11.777Z",
        "_lv": 1,
        "deploymentVersion": 1,
        "enabled": false,
        "backendId": "SyMfbiPuu",
        "modelId": "AccessKey",
        "event": "function beforeRead (event){\n /* Add Your Logic Here\t\n\t//apis.utility.logger.debug();\n\t*/\n}",
        "eventName": "beforeRead",
        "_v": 0
    },
    {
        "_id": "B1QWVFNeuOO",
        "_deleted": false,
        "_createdAt": "2021-05-06T10:00:11.822Z",
        "_modifiedAt": "2021-05-06T10:00:11.822Z",
        "_lv": 1,
        "deploymentVersion": 1,
        "enabled": false,
        "backendId": "SyMfbiPuu",
        "modelId": "AccessKey",
        "event": "function beforeSave (event){\n /* Add Your Logic Here\t\n\t//apis.utility.logger.debug();\n\t*/\n}",
        "eventName": "beforeSave",
        "_v": 0
    },
    {
        "_id": "HJE-EtVeuO_",
        "_deleted": false,
        "_createdAt": "2021-05-06T10:00:11.897Z",
        "_modifiedAt": "2021-05-06T10:00:11.897Z",
        "_lv": 1,
        "deploymentVersion": 1,
        "enabled": false,
        "backendId": "SyMfbiPuu",
        "modelId": "Attachment",
        "event": "function afterDelete (event){\n /* Add Your Logic Here\t\n\t//apis.utility.logger.debug();\n\t*/\n}",
        "eventName": "afterDelete",
        "_v": 0
    },
    {
        "_id": "SkSZEFVe_u_",
        "_deleted": false,
        "_createdAt": "2021-05-06T10:00:11.935Z",
        "_modifiedAt": "2021-05-06T10:00:11.935Z",
        "_lv": 1,
        "deploymentVersion": 1,
        "enabled": false,
        "backendId": "SyMfbiPuu",
        "modelId": "Attachment",
        "event": "function afterRead (event){\n /* Add Your Logic Here\t\n\t//apis.utility.logger.debug();\n\t*/\n}",
        "eventName": "afterRead",
        "_v": 0
    },
    {
        "_id": "ByU-VKNe_Od",
        "_deleted": false,
        "_createdAt": "2021-05-06T10:00:11.814Z",
        "_modifiedAt": "2021-05-06T10:00:11.814Z",
        "_lv": 1,
        "deploymentVersion": 1,
        "enabled": false,
        "backendId": "SyMfbiPuu",
        "modelId": "Attachment",
        "event": "function afterSave (event){\n /* Add Your Logic Here\t\n\t//apis.utility.logger.debug();\n\t*/\n}",
        "eventName": "afterSave",
        "_v": 0
    },
    {
        "_id": "SkDbNt4g_uu",
        "_deleted": false,
        "_createdAt": "2021-05-06T10:00:11.887Z",
        "_modifiedAt": "2021-05-06T10:00:11.887Z",
        "_lv": 1,
        "deploymentVersion": 1,
        "enabled": false,
        "backendId": "SyMfbiPuu",
        "modelId": "Attachment",
        "event": "function beforeDelete (event){\n /* Add Your Logic Here\t\n\t//apis.utility.logger.debug();\n\t*/\n}",
        "eventName": "beforeDelete",
        "_v": 0
    },
    {
        "_id": "BkuZVFEe_O_",
        "_deleted": false,
        "_createdAt": "2021-05-06T10:00:11.924Z",
        "_modifiedAt": "2021-05-06T10:00:11.924Z",
        "_lv": 1,
        "deploymentVersion": 1,
        "enabled": false,
        "backendId": "SyMfbiPuu",
        "modelId": "Attachment",
        "event": "function beforeRead (event){\n /* Add Your Logic Here\t\n\t//apis.utility.logger.debug();\n\t*/\n}",
        "eventName": "beforeRead",
        "_v": 0
    },
    {
        "_id": "BJYW4FEeud_",
        "_deleted": false,
        "_createdAt": "2021-05-06T10:00:11.934Z",
        "_modifiedAt": "2021-05-06T10:00:11.934Z",
        "_lv": 1,
        "deploymentVersion": 1,
        "enabled": false,
        "backendId": "SyMfbiPuu",
        "modelId": "Attachment",
        "event": "function beforeSave (event){\n /* Add Your Logic Here\t\n\t//apis.utility.logger.debug();\n\t*/\n}",
        "eventName": "beforeSave",
        "_v": 0
    },
    {
        "_id": "HJ9WNYNguu_",
        "_deleted": false,
        "_createdAt": "2021-05-06T10:00:11.869Z",
        "_modifiedAt": "2021-05-06T10:00:11.869Z",
        "_lv": 1,
        "deploymentVersion": 1,
        "enabled": false,
        "backendId": "SyMfbiPuu",
        "modelId": "Connection",
        "event": "function afterDelete (event){\n /* Add Your Logic Here\t\n\t//apis.utility.logger.debug();\n\t*/\n}",
        "eventName": "afterDelete",
        "_v": 0
    },
    {
        "_id": "SJo-EYElOdd",
        "_deleted": false,
        "_createdAt": "2021-05-06T10:00:11.923Z",
        "_modifiedAt": "2021-05-06T10:00:11.923Z",
        "_lv": 1,
        "deploymentVersion": 1,
        "enabled": false,
        "backendId": "SyMfbiPuu",
        "modelId": "Connection",
        "event": "function afterRead (event){\n /* Add Your Logic Here\t\n\t//apis.utility.logger.debug();\n\t*/\n}",
        "eventName": "afterRead",
        "_v": 0
    },
    {
        "_id": "r1nZ4YEld_d",
        "_deleted": false,
        "_createdAt": "2021-05-06T10:00:11.933Z",
        "_modifiedAt": "2021-05-06T10:00:11.933Z",
        "_lv": 1,
        "deploymentVersion": 1,
        "enabled": false,
        "backendId": "SyMfbiPuu",
        "modelId": "Connection",
        "event": "function afterSave (event){\n /* Add Your Logic Here\t\n\t//apis.utility.logger.debug();\n\t*/\n}",
        "eventName": "afterSave",
        "_v": 0
    },
    {
        "_id": "HkpZ4K4l_OO",
        "_deleted": false,
        "_createdAt": "2021-05-06T10:00:11.813Z",
        "_modifiedAt": "2021-05-06T10:00:11.813Z",
        "_lv": 1,
        "deploymentVersion": 1,
        "enabled": false,
        "backendId": "SyMfbiPuu",
        "modelId": "Connection",
        "event": "function beforeDelete (event){\n /* Add Your Logic Here\t\n\t//apis.utility.logger.debug();\n\t*/\n}",
        "eventName": "beforeDelete",
        "_v": 0
    },
    {
        "_id": "rkCbVFNgudO",
        "_deleted": false,
        "_createdAt": "2021-05-06T10:00:11.896Z",
        "_modifiedAt": "2021-05-06T10:00:11.896Z",
        "_lv": 1,
        "deploymentVersion": 1,
        "enabled": false,
        "backendId": "SyMfbiPuu",
        "modelId": "Connection",
        "event": "function beforeRead (event){\n /* Add Your Logic Here\t\n\t//apis.utility.logger.debug();\n\t*/\n}",
        "eventName": "beforeRead",
        "_v": 0
    },
    {
        "_id": "Skkf4YVlOdO",
        "_deleted": false,
        "_createdAt": "2021-05-06T10:00:11.922Z",
        "_modifiedAt": "2021-05-06T10:00:11.922Z",
        "_lv": 1,
        "deploymentVersion": 1,
        "enabled": false,
        "backendId": "SyMfbiPuu",
        "modelId": "Connection",
        "event": "function beforeSave (event){\n /* Add Your Logic Here\t\n\t//apis.utility.logger.debug();\n\t*/\n}",
        "eventName": "beforeSave",
        "_v": 0
    },
    {
        "_id": "HylfNF4l_du",
        "_deleted": false,
        "_createdAt": "2021-05-06T10:00:11.822Z",
        "_modifiedAt": "2021-05-06T10:00:11.822Z",
        "_lv": 1,
        "deploymentVersion": 1,
        "enabled": false,
        "backendId": "SyMfbiPuu",
        "modelId": "Organization",
        "event": "function afterDelete (event){\n /* Add Your Logic Here\t\n\t//apis.utility.logger.debug();\n\t*/\n}",
        "eventName": "afterDelete",
        "_v": 0
    },
    {
        "_id": "SkZf4tNeOd_",
        "_deleted": false,
        "_createdAt": "2021-05-06T10:00:11.824Z",
        "_modifiedAt": "2021-05-06T10:00:11.824Z",
        "_lv": 1,
        "deploymentVersion": 1,
        "enabled": false,
        "backendId": "SyMfbiPuu",
        "modelId": "Organization",
        "event": "function afterRead (event){\n /* Add Your Logic Here\t\n\t//apis.utility.logger.debug();\n\t*/\n}",
        "eventName": "afterRead",
        "_v": 0
    },
    {
        "_id": "BkffEKNxO_u",
        "_deleted": false,
        "_createdAt": "2021-05-06T10:00:11.823Z",
        "_modifiedAt": "2021-05-06T10:00:11.823Z",
        "_lv": 1,
        "deploymentVersion": 1,
        "enabled": false,
        "backendId": "SyMfbiPuu",
        "modelId": "Organization",
        "event": "function afterSave (event){\n /* Add Your Logic Here\t\n\t//apis.utility.logger.debug();\n\t*/\n}",
        "eventName": "afterSave",
        "_v": 0
    },
    {
        "_id": "HJ7GEtVxOO_",
        "_deleted": false,
        "_createdAt": "2021-05-06T10:00:11.833Z",
        "_modifiedAt": "2021-05-06T10:00:11.833Z",
        "_lv": 1,
        "deploymentVersion": 1,
        "enabled": false,
        "backendId": "SyMfbiPuu",
        "modelId": "Organization",
        "event": "function beforeDelete (event){\n /* Add Your Logic Here\t\n\t//apis.utility.logger.debug();\n\t*/\n}",
        "eventName": "beforeDelete",
        "_v": 0
    },
    {
        "_id": "SJVf4KNluOu",
        "_deleted": false,
        "_createdAt": "2021-05-06T10:00:11.835Z",
        "_modifiedAt": "2021-05-06T10:00:11.835Z",
        "_lv": 1,
        "deploymentVersion": 1,
        "enabled": false,
        "backendId": "SyMfbiPuu",
        "modelId": "Organization",
        "event": "function beforeRead (event){\n /* Add Your Logic Here\t\n\t//apis.utility.logger.debug();\n\t*/\n}",
        "eventName": "beforeRead",
        "_v": 0
    },
    {
        "_id": "B1BMNKEeu_u",
        "_deleted": false,
        "_createdAt": "2021-05-06T10:00:11.834Z",
        "_modifiedAt": "2021-05-06T10:00:11.834Z",
        "_lv": 1,
        "deploymentVersion": 1,
        "enabled": false,
        "backendId": "SyMfbiPuu",
        "modelId": "Organization",
        "event": "function beforeSave (event){\n /* Add Your Logic Here\t\n\t//apis.utility.logger.debug();\n\t*/\n}",
        "eventName": "beforeSave",
        "_v": 0
    },
    {
        "_id": "BkLGNYVed__",
        "_deleted": false,
        "_createdAt": "2021-05-06T10:00:11.927Z",
        "_modifiedAt": "2021-05-06T10:00:11.927Z",
        "_lv": 1,
        "deploymentVersion": 1,
        "enabled": false,
        "backendId": "SyMfbiPuu",
        "modelId": "OrganizationDomain",
        "event": "function afterDelete (event){\n /* Add Your Logic Here\t\n\t//apis.utility.logger.debug();\n\t*/\n}",
        "eventName": "afterDelete",
        "_v": 0
    },
    {
        "_id": "rkwzEFNgO_d",
        "_deleted": false,
        "_createdAt": "2021-05-06T10:00:11.864Z",
        "_modifiedAt": "2021-05-06T10:00:11.864Z",
        "_lv": 1,
        "deploymentVersion": 1,
        "enabled": false,
        "backendId": "SyMfbiPuu",
        "modelId": "OrganizationDomain",
        "event": "function afterRead (event){\n /* Add Your Logic Here\t\n\t//apis.utility.logger.debug();\n\t*/\n}",
        "eventName": "afterRead",
        "_v": 0
    },
    {
        "_id": "HyOG4YVeuOd",
        "_deleted": false,
        "_createdAt": "2021-05-06T10:00:11.889Z",
        "_modifiedAt": "2021-05-06T10:00:11.889Z",
        "_lv": 1,
        "deploymentVersion": 1,
        "enabled": false,
        "backendId": "SyMfbiPuu",
        "modelId": "OrganizationDomain",
        "event": "function afterSave (event){\n /* Add Your Logic Here\t\n\t//apis.utility.logger.debug();\n\t*/\n}",
        "eventName": "afterSave",
        "_v": 0
    },
    {
        "_id": "BJFMEYElduu",
        "_deleted": false,
        "_createdAt": "2021-05-06T10:00:11.905Z",
        "_modifiedAt": "2021-05-06T10:00:11.905Z",
        "_lv": 1,
        "deploymentVersion": 1,
        "enabled": false,
        "backendId": "SyMfbiPuu",
        "modelId": "OrganizationDomain",
        "event": "function beforeDelete (event){\n /* Add Your Logic Here\t\n\t//apis.utility.logger.debug();\n\t*/\n}",
        "eventName": "beforeDelete",
        "_v": 0
    },
    {
        "_id": "H1qMVFVguuO",
        "_deleted": false,
        "_createdAt": "2021-05-06T10:00:11.937Z",
        "_modifiedAt": "2021-05-06T10:00:11.937Z",
        "_lv": 1,
        "deploymentVersion": 1,
        "enabled": false,
        "backendId": "SyMfbiPuu",
        "modelId": "OrganizationDomain",
        "event": "function beforeRead (event){\n /* Add Your Logic Here\t\n\t//apis.utility.logger.debug();\n\t*/\n}",
        "eventName": "beforeRead",
        "_v": 0
    },
    {
        "_id": "BksG4FVeduO",
        "_deleted": false,
        "_createdAt": "2021-05-06T10:00:11.820Z",
        "_modifiedAt": "2021-05-06T10:00:11.820Z",
        "_lv": 1,
        "deploymentVersion": 1,
        "enabled": false,
        "backendId": "SyMfbiPuu",
        "modelId": "OrganizationDomain",
        "event": "function beforeSave (event){\n /* Add Your Logic Here\t\n\t//apis.utility.logger.debug();\n\t*/\n}",
        "eventName": "beforeSave",
        "_v": 0
    },
    {
        "_id": "r1nzNYVgdOu",
        "_deleted": false,
        "_createdAt": "2021-05-06T10:00:11.806Z",
        "_modifiedAt": "2021-05-06T10:00:11.806Z",
        "_lv": 1,
        "deploymentVersion": 1,
        "enabled": false,
        "backendId": "SyMfbiPuu",
        "modelId": "Rule",
        "event": "function afterDelete (event){\n /* Add Your Logic Here\t\n\t//apis.utility.logger.debug();\n\t*/\n}",
        "eventName": "afterDelete",
        "_v": 0
    },
    {
        "_id": "HJ6f4KElddu",
        "_deleted": false,
        "_createdAt": "2021-05-06T10:00:11.871Z",
        "_modifiedAt": "2021-05-06T10:00:11.871Z",
        "_lv": 1,
        "deploymentVersion": 1,
        "enabled": false,
        "backendId": "SyMfbiPuu",
        "modelId": "Rule",
        "event": "function afterRead (event){\n /* Add Your Logic Here\t\n\t//apis.utility.logger.debug();\n\t*/\n}",
        "eventName": "afterRead",
        "_v": 0
    },
    {
        "_id": "rJRz4tNeddO",
        "_deleted": false,
        "_createdAt": "2021-05-06T10:00:11.915Z",
        "_modifiedAt": "2021-05-06T10:00:11.915Z",
        "_lv": 1,
        "deploymentVersion": 1,
        "enabled": false,
        "backendId": "SyMfbiPuu",
        "modelId": "Rule",
        "event": "function afterSave (event){\n /* Add Your Logic Here\t\n\t//apis.utility.logger.debug();\n\t*/\n}",
        "eventName": "afterSave",
        "_v": 0
    },
    {
        "_id": "rJkm4YVludu",
        "_deleted": false,
        "_createdAt": "2021-05-06T10:00:11.933Z",
        "_modifiedAt": "2021-05-06T10:00:11.933Z",
        "_lv": 1,
        "deploymentVersion": 1,
        "enabled": false,
        "backendId": "SyMfbiPuu",
        "modelId": "Rule",
        "event": "function beforeDelete (event){\n /* Add Your Logic Here\t\n\t//apis.utility.logger.debug();\n\t*/\n}",
        "eventName": "beforeDelete",
        "_v": 0
    },
    {
        "_id": "Hyem4YNed__",
        "_deleted": false,
        "_createdAt": "2021-05-06T10:00:11.868Z",
        "_modifiedAt": "2021-05-06T10:00:11.868Z",
        "_lv": 1,
        "deploymentVersion": 1,
        "enabled": false,
        "backendId": "SyMfbiPuu",
        "modelId": "Rule",
        "event": "function beforeRead (event){\n /* Add Your Logic Here\t\n\t//apis.utility.logger.debug();\n\t*/\n}",
        "eventName": "beforeRead",
        "_v": 0
    },
    {
        "_id": "HJbmEtNguOO",
        "_deleted": false,
        "_createdAt": "2021-05-06T10:00:11.870Z",
        "_modifiedAt": "2021-05-06T10:00:11.870Z",
        "_lv": 1,
        "deploymentVersion": 1,
        "enabled": false,
        "backendId": "SyMfbiPuu",
        "modelId": "Rule",
        "event": "function beforeSave (event){\n /* Add Your Logic Here\t\n\t//apis.utility.logger.debug();\n\t*/\n}",
        "eventName": "beforeSave",
        "_v": 0
    },
    {
        "_id": "SyzmVtExOOO",
        "_deleted": false,
        "_createdAt": "2021-05-06T10:00:11.894Z",
        "_modifiedAt": "2021-05-06T10:00:11.894Z",
        "_lv": 1,
        "deploymentVersion": 1,
        "enabled": false,
        "backendId": "SyMfbiPuu",
        "modelId": "User",
        "event": "function afterDelete (event){\n /* Add Your Logic Here\t\n\t//apis.utility.logger.debug();\n\t*/\n}",
        "eventName": "afterDelete",
        "_v": 0
    },
    {
        "_id": "rJ774KVgdOO",
        "_deleted": false,
        "_createdAt": "2021-05-06T10:00:11.930Z",
        "_modifiedAt": "2021-05-06T10:00:11.930Z",
        "_lv": 1,
        "deploymentVersion": 1,
        "enabled": false,
        "backendId": "SyMfbiPuu",
        "modelId": "User",
        "event": "function afterRead (event){\n /* Add Your Logic Here\t\n\t//apis.utility.logger.debug();\n\t*/\n}",
        "eventName": "afterRead",
        "_v": 0
    },
    {
        "_id": "S1NQVtNgO_u",
        "_deleted": false,
        "_createdAt": "2021-05-06T10:00:11.940Z",
        "_modifiedAt": "2021-05-06T10:00:11.940Z",
        "_lv": 1,
        "deploymentVersion": 1,
        "enabled": false,
        "backendId": "SyMfbiPuu",
        "modelId": "User",
        "event": "function afterSave (event){\n /* Add Your Logic Here\t\n\t//apis.utility.logger.debug();\n\t*/\n}",
        "eventName": "afterSave",
        "_v": 0
    },
    {
        "_id": "Hyr7NFNlduu",
        "_deleted": false,
        "_createdAt": "2021-05-06T10:00:11.886Z",
        "_modifiedAt": "2021-05-06T10:00:11.886Z",
        "_lv": 1,
        "deploymentVersion": 1,
        "enabled": false,
        "backendId": "SyMfbiPuu",
        "modelId": "User",
        "event": "function beforeDelete (event){\n /* Add Your Logic Here\t\n\t//apis.utility.logger.debug();\n\t*/\n}",
        "eventName": "beforeDelete",
        "_v": 0
    },
    {
        "_id": "ByL7VKNx__d",
        "_deleted": false,
        "_createdAt": "2021-05-06T10:00:11.914Z",
        "_modifiedAt": "2021-05-06T10:00:11.914Z",
        "_lv": 1,
        "deploymentVersion": 1,
        "enabled": false,
        "backendId": "SyMfbiPuu",
        "modelId": "User",
        "event": "function beforeRead (event){\n /* Add Your Logic Here\t\n\t//apis.utility.logger.debug();\n\t*/\n}",
        "eventName": "beforeRead",
        "_v": 0
    },
    {
        "_id": "ryvmEKVgdu_",
        "_deleted": false,
        "_createdAt": "2021-05-06T10:00:11.930Z",
        "_modifiedAt": "2021-05-06T10:00:11.930Z",
        "_lv": 1,
        "deploymentVersion": 1,
        "enabled": false,
        "backendId": "SyMfbiPuu",
        "modelId": "User",
        "event": "function beforeSave (event){\n /* Add Your Logic Here\t\n\t//apis.utility.logger.debug();\n\t*/\n}",
        "eventName": "beforeSave",
        "_v": 0
    },
    {
        "_id": "SyO7NtNluOu",
        "_deleted": false,
        "_createdAt": "2021-05-06T10:00:11.823Z",
        "_modifiedAt": "2021-05-06T10:00:11.823Z",
        "_lv": 1,
        "deploymentVersion": 1,
        "enabled": false,
        "backendId": "SyMfbiPuu",
        "modelId": "Workflow",
        "event": "function afterDelete (event){\n /* Add Your Logic Here\t\n\t//apis.utility.logger.debug();\n\t*/\n}",
        "eventName": "afterDelete",
        "_v": 0
    },
    {
        "_id": "SJKX4FNguOu",
        "_deleted": false,
        "_createdAt": "2021-05-06T10:00:11.821Z",
        "_modifiedAt": "2021-05-06T10:00:11.821Z",
        "_lv": 1,
        "deploymentVersion": 1,
        "enabled": false,
        "backendId": "SyMfbiPuu",
        "modelId": "Workflow",
        "event": "function afterRead (event){\n /* Add Your Logic Here\t\n\t//apis.utility.logger.debug();\n\t*/\n}",
        "eventName": "afterRead",
        "_v": 0
    },
    {
        "_id": "rkqQEtEeudO",
        "_deleted": false,
        "_createdAt": "2021-05-06T10:00:11.821Z",
        "_modifiedAt": "2021-05-06T10:00:11.821Z",
        "_lv": 1,
        "deploymentVersion": 1,
        "enabled": false,
        "backendId": "SyMfbiPuu",
        "modelId": "Workflow",
        "event": "function afterSave (event){\n /* Add Your Logic Here\t\n\t//apis.utility.logger.debug();\n\t*/\n}",
        "eventName": "afterSave",
        "_v": 0
    },
    {
        "_id": "BJj74F4eO_O",
        "_deleted": false,
        "_createdAt": "2021-05-06T10:00:11.834Z",
        "_modifiedAt": "2021-05-06T10:00:11.834Z",
        "_lv": 1,
        "deploymentVersion": 1,
        "enabled": false,
        "backendId": "SyMfbiPuu",
        "modelId": "Workflow",
        "event": "function beforeDelete (event){\n /* Add Your Logic Here\t\n\t//apis.utility.logger.debug();\n\t*/\n}",
        "eventName": "beforeDelete",
        "_v": 0
    },
    {
        "_id": "B13QNFEeud_",
        "_deleted": false,
        "_createdAt": "2021-05-06T10:00:11.826Z",
        "_modifiedAt": "2021-05-06T10:00:11.826Z",
        "_lv": 1,
        "deploymentVersion": 1,
        "enabled": false,
        "backendId": "SyMfbiPuu",
        "modelId": "Workflow",
        "event": "function beforeRead (event){\n /* Add Your Logic Here\t\n\t//apis.utility.logger.debug();\n\t*/\n}",
        "eventName": "beforeRead",
        "_v": 0
    },
    {
        "_id": "rJam4KVlu__",
        "_deleted": false,
        "_createdAt": "2021-05-06T10:00:11.825Z",
        "_modifiedAt": "2021-05-06T10:00:11.825Z",
        "_lv": 1,
        "deploymentVersion": 1,
        "enabled": false,
        "backendId": "SyMfbiPuu",
        "modelId": "Workflow",
        "event": "function beforeSave (event){\n /* Add Your Logic Here\t\n\t//apis.utility.logger.debug();\n\t*/\n}",
        "eventName": "beforeSave",
        "_v": 0
    },
    {
        "_id": "HJRQVK4eOdd",
        "_deleted": false,
        "_createdAt": "2021-05-07T11:01:14.725Z",
        "_modifiedAt": "2021-05-07T11:01:14.725Z",
        "_lv": 1,
        "deploymentVersion": 2,
        "enabled": false,
        "backendId": "SyMfbiPuu",
        "modelId": "fgdfffffg",
        "event": "function afterDelete (event){\n /* Add Your Logic Here\t\n\t//apis.utility.logger.debug();\n\t*/\n}",
        "eventName": "afterDelete",
        "_v": 0
    },
    {
        "_id": "B1JNNtVx_u_",
        "_deleted": false,
        "_createdAt": "2021-05-07T11:01:14.756Z",
        "_modifiedAt": "2021-05-07T11:01:14.756Z",
        "_lv": 1,
        "deploymentVersion": 2,
        "enabled": false,
        "backendId": "SyMfbiPuu",
        "modelId": "fgdfffffg",
        "event": "function afterRead (event){\n /* Add Your Logic Here\t\n\t//apis.utility.logger.debug();\n\t*/\n}",
        "eventName": "afterRead",
        "_v": 0
    },
    {
        "_id": "BkxEVF4euOO",
        "_deleted": false,
        "_createdAt": "2021-05-07T11:01:14.739Z",
        "_modifiedAt": "2021-05-07T11:01:14.739Z",
        "_lv": 1,
        "deploymentVersion": 2,
        "enabled": false,
        "backendId": "SyMfbiPuu",
        "modelId": "fgdfffffg",
        "event": "function afterSave (event){\n /* Add Your Logic Here\t\n\t//apis.utility.logger.debug();\n\t*/\n}",
        "eventName": "afterSave",
        "_v": 0
    },
    {
        "_id": "r1-VEFNeOdd",
        "_deleted": false,
        "_createdAt": "2021-05-07T11:01:14.740Z",
        "_modifiedAt": "2021-05-07T11:01:14.740Z",
        "_lv": 1,
        "deploymentVersion": 2,
        "enabled": false,
        "backendId": "SyMfbiPuu",
        "modelId": "fgdfffffg",
        "event": "function beforeDelete (event){\n /* Add Your Logic Here\t\n\t//apis.utility.logger.debug();\n\t*/\n}",
        "eventName": "beforeDelete",
        "_v": 0
    },
    {
        "_id": "ryGN4KVl_O_",
        "_deleted": false,
        "_createdAt": "2021-05-07T11:01:14.751Z",
        "_modifiedAt": "2021-05-07T11:01:14.751Z",
        "_lv": 1,
        "deploymentVersion": 2,
        "enabled": false,
        "backendId": "SyMfbiPuu",
        "modelId": "fgdfffffg",
        "event": "function beforeRead (event){\n /* Add Your Logic Here\t\n\t//apis.utility.logger.debug();\n\t*/\n}",
        "eventName": "beforeRead",
        "_v": 0
    },
    {
        "_id": "HkXNEYNxdOd",
        "_deleted": false,
        "_createdAt": "2021-05-07T11:01:14.738Z",
        "_modifiedAt": "2021-05-07T11:01:14.738Z",
        "_lv": 1,
        "deploymentVersion": 2,
        "enabled": false,
        "backendId": "SyMfbiPuu",
        "modelId": "fgdfffffg",
        "event": "function beforeSave (event){\n /* Add Your Logic Here\t\n\t//apis.utility.logger.debug();\n\t*/\n}",
        "eventName": "beforeSave",
        "_v": 0
    },
    {
        "_id": "Hy4V4tNlOdO",
        "_deleted": false,
        "_createdAt": "2021-05-07T14:04:09.209Z",
        "_modifiedAt": "2021-05-07T14:04:09.209Z",
        "_lv": 1,
        "deploymentVersion": 3,
        "enabled": false,
        "backendId": "SyMfbiPuu",
        "modelId": "fghgjghj",
        "event": "function afterDelete (event){\n /* Add Your Logic Here\t\n\t//apis.utility.logger.debug();\n\t*/\n}",
        "eventName": "afterDelete",
        "_v": 0
    },
    {
        "_id": "HJr4VFExddu",
        "_deleted": false,
        "_createdAt": "2021-05-07T14:04:09.211Z",
        "_modifiedAt": "2021-05-07T14:04:09.211Z",
        "_lv": 1,
        "deploymentVersion": 3,
        "enabled": false,
        "backendId": "SyMfbiPuu",
        "modelId": "fghgjghj",
        "event": "function afterRead (event){\n /* Add Your Logic Here\t\n\t//apis.utility.logger.debug();\n\t*/\n}",
        "eventName": "afterRead",
        "_v": 0
    },
    {
        "_id": "B1U44t4ld__",
        "_deleted": false,
        "_createdAt": "2021-05-07T14:04:09.210Z",
        "_modifiedAt": "2021-05-07T14:04:09.210Z",
        "_lv": 1,
        "deploymentVersion": 3,
        "enabled": false,
        "backendId": "SyMfbiPuu",
        "modelId": "fghgjghj",
        "event": "function afterSave (event){\n /* Add Your Logic Here\t\n\t//apis.utility.logger.debug();\n\t*/\n}",
        "eventName": "afterSave",
        "_v": 0
    },
    {
        "_id": "Skv4VtNxOu_",
        "_deleted": false,
        "_createdAt": "2021-05-07T14:04:09.212Z",
        "_modifiedAt": "2021-05-07T14:04:09.212Z",
        "_lv": 1,
        "deploymentVersion": 3,
        "enabled": false,
        "backendId": "SyMfbiPuu",
        "modelId": "fghgjghj",
        "event": "function beforeDelete (event){\n /* Add Your Logic Here\t\n\t//apis.utility.logger.debug();\n\t*/\n}",
        "eventName": "beforeDelete",
        "_v": 0
    },
    {
        "_id": "HJuVNKEguOd",
        "_deleted": false,
        "_createdAt": "2021-05-07T14:04:09.211Z",
        "_modifiedAt": "2021-05-07T14:04:09.211Z",
        "_lv": 1,
        "deploymentVersion": 3,
        "enabled": false,
        "backendId": "SyMfbiPuu",
        "modelId": "fghgjghj",
        "event": "function beforeRead (event){\n /* Add Your Logic Here\t\n\t//apis.utility.logger.debug();\n\t*/\n}",
        "eventName": "beforeRead",
        "_v": 0
    },
    {
        "_id": "SJY4NY4g_OO",
        "_deleted": false,
        "_createdAt": "2021-05-07T14:04:09.210Z",
        "_modifiedAt": "2021-05-07T14:04:09.210Z",
        "_lv": 1,
        "deploymentVersion": 3,
        "enabled": false,
        "backendId": "SyMfbiPuu",
        "modelId": "fghgjghj",
        "event": "function beforeSave (event){\n /* Add Your Logic Here\t\n\t//apis.utility.logger.debug();\n\t*/\n}",
        "eventName": "beforeSave",
        "_v": 0
    },
    {
        "_id": "HJqENFEgdud",
        "_deleted": false,
        "_createdAt": "2021-05-06T10:00:11.925Z",
        "_modifiedAt": "2021-05-06T10:00:11.925Z",
        "_lv": 1,
        "deploymentVersion": 1,
        "enabled": false,
        "backendId": "SyMfbiPuu",
        "modelId": "jobDetail",
        "event": "function afterDelete (event){\n /* Add Your Logic Here\t\n\t//apis.utility.logger.debug();\n\t*/\n}",
        "eventName": "afterDelete",
        "_v": 0
    },
    {
        "_id": "rkiEVtVeduO",
        "_deleted": false,
        "_createdAt": "2021-05-06T10:00:11.820Z",
        "_modifiedAt": "2021-05-06T10:00:11.820Z",
        "_lv": 1,
        "deploymentVersion": 1,
        "enabled": false,
        "backendId": "SyMfbiPuu",
        "modelId": "jobDetail",
        "event": "function afterRead (event){\n /* Add Your Logic Here\t\n\t//apis.utility.logger.debug();\n\t*/\n}",
        "eventName": "afterRead",
        "_v": 0
    },
    {
        "_id": "BJ2EVYVeOdu",
        "_deleted": false,
        "_createdAt": "2021-05-06T10:00:11.888Z",
        "_modifiedAt": "2021-05-06T10:00:11.888Z",
        "_lv": 1,
        "deploymentVersion": 1,
        "enabled": false,
        "backendId": "SyMfbiPuu",
        "modelId": "jobDetail",
        "event": "function afterSave (event){\n /* Add Your Logic Here\t\n\t//apis.utility.logger.debug();\n\t*/\n}",
        "eventName": "afterSave",
        "_v": 0
    },
    {
        "_id": "r16NVYNxdO_",
        "_deleted": false,
        "_createdAt": "2021-05-06T10:00:11.900Z",
        "_modifiedAt": "2021-05-06T10:00:11.900Z",
        "_lv": 1,
        "deploymentVersion": 1,
        "enabled": false,
        "backendId": "SyMfbiPuu",
        "modelId": "jobDetail",
        "event": "function beforeDelete (event){\n /* Add Your Logic Here\t\n\t//apis.utility.logger.debug();\n\t*/\n}",
        "eventName": "beforeDelete",
        "_v": 0
    },
    {
        "_id": "SkA4NKNxu__",
        "_deleted": false,
        "_createdAt": "2021-05-06T10:00:11.936Z",
        "_modifiedAt": "2021-05-06T10:00:11.936Z",
        "_lv": 1,
        "deploymentVersion": 1,
        "enabled": false,
        "backendId": "SyMfbiPuu",
        "modelId": "jobDetail",
        "event": "function beforeRead (event){\n /* Add Your Logic Here\t\n\t//apis.utility.logger.debug();\n\t*/\n}",
        "eventName": "beforeRead",
        "_v": 0
    },
    {
        "_id": "Hy1H4tElOdO",
        "_deleted": false,
        "_createdAt": "2021-05-06T10:00:11.815Z",
        "_modifiedAt": "2021-05-06T10:00:11.815Z",
        "_lv": 1,
        "deploymentVersion": 1,
        "enabled": false,
        "backendId": "SyMfbiPuu",
        "modelId": "jobDetail",
        "event": "function beforeSave (event){\n /* Add Your Logic Here\t\n\t//apis.utility.logger.debug();\n\t*/\n}",
        "eventName": "beforeSave",
        "_v": 0
    },
    {
        "_id": "S1eSNY4lu_O",
        "_deleted": false,
        "_createdAt": "2021-05-06T10:00:11.884Z",
        "_modifiedAt": "2021-05-06T10:00:11.884Z",
        "_lv": 1,
        "deploymentVersion": 1,
        "enabled": false,
        "backendId": "SyMfbiPuu",
        "modelId": "mapping",
        "event": "function afterDelete (event){\n /* Add Your Logic Here\t\n\t//apis.utility.logger.debug();\n\t*/\n}",
        "eventName": "afterDelete",
        "_v": 0
    },
    {
        "_id": "B1bBNKEgOuu",
        "_deleted": false,
        "_createdAt": "2021-05-06T10:00:11.912Z",
        "_modifiedAt": "2021-05-06T10:00:11.912Z",
        "_lv": 1,
        "deploymentVersion": 1,
        "enabled": false,
        "backendId": "SyMfbiPuu",
        "modelId": "mapping",
        "event": "function afterRead (event){\n /* Add Your Logic Here\t\n\t//apis.utility.logger.debug();\n\t*/\n}",
        "eventName": "afterRead",
        "_v": 0
    },
    {
        "_id": "HkfBNK4ldud",
        "_deleted": false,
        "_createdAt": "2021-05-06T10:00:11.929Z",
        "_modifiedAt": "2021-05-06T10:00:11.929Z",
        "_lv": 1,
        "deploymentVersion": 1,
        "enabled": false,
        "backendId": "SyMfbiPuu",
        "modelId": "mapping",
        "event": "function afterSave (event){\n /* Add Your Logic Here\t\n\t//apis.utility.logger.debug();\n\t*/\n}",
        "eventName": "afterSave",
        "_v": 0
    },
    {
        "_id": "ByQB4K4lO_d",
        "_deleted": false,
        "_createdAt": "2021-05-06T10:00:11.939Z",
        "_modifiedAt": "2021-05-06T10:00:11.939Z",
        "_lv": 1,
        "deploymentVersion": 1,
        "enabled": false,
        "backendId": "SyMfbiPuu",
        "modelId": "mapping",
        "event": "function beforeDelete (event){\n /* Add Your Logic Here\t\n\t//apis.utility.logger.debug();\n\t*/\n}",
        "eventName": "beforeDelete",
        "_v": 0
    },
    {
        "_id": "B1VBNFNludO",
        "_deleted": false,
        "_createdAt": "2021-05-06T10:00:11.893Z",
        "_modifiedAt": "2021-05-06T10:00:11.893Z",
        "_lv": 1,
        "deploymentVersion": 1,
        "enabled": false,
        "backendId": "SyMfbiPuu",
        "modelId": "mapping",
        "event": "function beforeRead (event){\n /* Add Your Logic Here\t\n\t//apis.utility.logger.debug();\n\t*/\n}",
        "eventName": "beforeRead",
        "_v": 0
    },
    {
        "_id": "SJrrVtVgOdd",
        "_deleted": false,
        "_createdAt": "2021-05-06T10:00:11.908Z",
        "_modifiedAt": "2021-05-06T10:00:11.908Z",
        "_lv": 1,
        "deploymentVersion": 1,
        "enabled": false,
        "backendId": "SyMfbiPuu",
        "modelId": "mapping",
        "event": "function beforeSave (event){\n /* Add Your Logic Here\t\n\t//apis.utility.logger.debug();\n\t*/\n}",
        "eventName": "beforeSave",
        "_v": 0
    },
    {
        "_id": "HyLr4YVg_uO",
        "_deleted": false,
        "_createdAt": "2021-05-06T10:00:11.938Z",
        "_modifiedAt": "2021-05-06T10:00:11.938Z",
        "_lv": 1,
        "deploymentVersion": 1,
        "enabled": false,
        "backendId": "SyMfbiPuu",
        "modelId": "s3ObjectRoleMapping",
        "event": "function afterDelete (event){\n /* Add Your Logic Here\t\n\t//apis.utility.logger.debug();\n\t*/\n}",
        "eventName": "afterDelete",
        "_v": 0
    },
    {
        "_id": "rkPHVYNeO_d",
        "_deleted": false,
        "_createdAt": "2021-05-06T10:00:11.892Z",
        "_modifiedAt": "2021-05-06T10:00:11.892Z",
        "_lv": 1,
        "deploymentVersion": 1,
        "enabled": false,
        "backendId": "SyMfbiPuu",
        "modelId": "s3ObjectRoleMapping",
        "event": "function afterRead (event){\n /* Add Your Logic Here\t\n\t//apis.utility.logger.debug();\n\t*/\n}",
        "eventName": "afterRead",
        "_v": 0
    },
    {
        "_id": "rkdB4YEgOd_",
        "_deleted": false,
        "_createdAt": "2021-05-06T10:00:11.907Z",
        "_modifiedAt": "2021-05-06T10:00:11.907Z",
        "_lv": 1,
        "deploymentVersion": 1,
        "enabled": false,
        "backendId": "SyMfbiPuu",
        "modelId": "s3ObjectRoleMapping",
        "event": "function afterSave (event){\n /* Add Your Logic Here\t\n\t//apis.utility.logger.debug();\n\t*/\n}",
        "eventName": "afterSave",
        "_v": 0
    },
    {
        "_id": "ryKBEF4ldOd",
        "_deleted": false,
        "_createdAt": "2021-05-06T10:00:11.927Z",
        "_modifiedAt": "2021-05-06T10:00:11.927Z",
        "_lv": 1,
        "deploymentVersion": 1,
        "enabled": false,
        "backendId": "SyMfbiPuu",
        "modelId": "s3ObjectRoleMapping",
        "event": "function beforeDelete (event){\n /* Add Your Logic Here\t\n\t//apis.utility.logger.debug();\n\t*/\n}",
        "eventName": "beforeDelete",
        "_v": 0
    },
    {
        "_id": "rycS4KVeOOO",
        "_deleted": false,
        "_createdAt": "2021-05-06T10:00:11.865Z",
        "_modifiedAt": "2021-05-06T10:00:11.865Z",
        "_lv": 1,
        "deploymentVersion": 1,
        "enabled": false,
        "backendId": "SyMfbiPuu",
        "modelId": "s3ObjectRoleMapping",
        "event": "function beforeRead (event){\n /* Add Your Logic Here\t\n\t//apis.utility.logger.debug();\n\t*/\n}",
        "eventName": "beforeRead",
        "_v": 0
    },
    {
        "_id": "BJoBVKNxOuO",
        "_deleted": false,
        "_createdAt": "2021-05-06T10:00:11.891Z",
        "_modifiedAt": "2021-05-06T10:00:11.891Z",
        "_lv": 1,
        "deploymentVersion": 1,
        "enabled": false,
        "backendId": "SyMfbiPuu",
        "modelId": "s3ObjectRoleMapping",
        "event": "function beforeSave (event){\n /* Add Your Logic Here\t\n\t//apis.utility.logger.debug();\n\t*/\n}",
        "eventName": "beforeSave",
        "_v": 0
    }
]