[
    {
        "_id": "ByN8_Ecud",
        "_deleted": false,
        "_createdAt": "2021-04-20T14:23:57.561Z",
        "_modifiedAt": "2021-04-20T14:23:57.561Z",
        "_lv": 1,
        "deploymentVersion": 1,
        "enabled": false,
        "backendId": "SyzW4vhUO",
        "modelId": "AccessKey",
        "event": "function afterDelete (event){\n /* Add Your Logic Here\t\n\t//apis.utility.logger.debug();\n\t*/\n}",
        "eventName": "afterDelete",
        "_v": 0
    },
    {
        "_id": "H1lVIdVcuO",
        "_deleted": false,
        "_createdAt": "2021-04-20T14:23:57.559Z",
        "_modifiedAt": "2021-04-20T14:23:57.559Z",
        "_lv": 1,
        "deploymentVersion": 1,
        "enabled": false,
        "backendId": "SyzW4vhUO",
        "modelId": "AccessKey",
        "event": "function afterRead (event){\n /* Add Your Logic Here\t\n\t//apis.utility.logger.debug();\n\t*/\n}",
        "eventName": "afterRead",
        "_v": 0
    },
    {
        "_id": "HyZE8O4qdu",
        "_deleted": false,
        "_createdAt": "2021-04-20T14:23:57.572Z",
        "_modifiedAt": "2021-04-20T14:23:57.572Z",
        "_lv": 1,
        "deploymentVersion": 1,
        "enabled": false,
        "backendId": "SyzW4vhUO",
        "modelId": "AccessKey",
        "event": "function afterSave (event){\n /* Add Your Logic Here\t\n\t//apis.utility.logger.debug();\n\t*/\n}",
        "eventName": "afterSave",
        "_v": 0
    },
    {
        "_id": "ryGEUOEc_O",
        "_deleted": false,
        "_createdAt": "2021-04-20T14:23:57.564Z",
        "_modifiedAt": "2021-04-20T14:23:57.564Z",
        "_lv": 1,
        "deploymentVersion": 1,
        "enabled": false,
        "backendId": "SyzW4vhUO",
        "modelId": "AccessKey",
        "event": "function beforeDelete (event){\n /* Add Your Logic Here\t\n\t//apis.utility.logger.debug();\n\t*/\n}",
        "eventName": "beforeDelete",
        "_v": 0
    },
    {
        "_id": "HJ7N8OVcdO",
        "_deleted": false,
        "_createdAt": "2021-04-20T14:23:57.569Z",
        "_modifiedAt": "2021-04-20T14:23:57.569Z",
        "_lv": 1,
        "deploymentVersion": 1,
        "enabled": false,
        "backendId": "SyzW4vhUO",
        "modelId": "AccessKey",
        "event": "function beforeRead (event){\n /* Add Your Logic Here\t\n\t//apis.utility.logger.debug();\n\t*/\n}",
        "eventName": "beforeRead",
        "_v": 0
    },
    {
        "_id": "By4NLuEc_u",
        "_deleted": false,
        "_createdAt": "2021-04-20T14:23:57.558Z",
        "_modifiedAt": "2021-04-20T14:23:57.558Z",
        "_lv": 1,
        "deploymentVersion": 1,
        "enabled": false,
        "backendId": "SyzW4vhUO",
        "modelId": "AccessKey",
        "event": "function beforeSave (event){\n /* Add Your Logic Here\t\n\t//apis.utility.logger.debug();\n\t*/\n}",
        "eventName": "beforeSave",
        "_v": 0
    },
    {
        "_id": "BJr4I_Ncuu",
        "_deleted": false,
        "_createdAt": "2021-04-20T14:23:57.524Z",
        "_modifiedAt": "2021-04-20T14:23:57.524Z",
        "_lv": 1,
        "deploymentVersion": 1,
        "enabled": false,
        "backendId": "SyzW4vhUO",
        "modelId": "Attachment",
        "event": "function afterDelete (event){\n /* Add Your Logic Here\t\n\t//apis.utility.logger.debug();\n\t*/\n}",
        "eventName": "afterDelete",
        "_v": 0
    },
    {
        "_id": "r1U4Ld4qdd",
        "_deleted": false,
        "_createdAt": "2021-04-20T14:23:57.528Z",
        "_modifiedAt": "2021-04-20T14:23:57.528Z",
        "_lv": 1,
        "deploymentVersion": 1,
        "enabled": false,
        "backendId": "SyzW4vhUO",
        "modelId": "Attachment",
        "event": "function afterRead (event){\n /* Add Your Logic Here\t\n\t//apis.utility.logger.debug();\n\t*/\n}",
        "eventName": "afterRead",
        "_v": 0
    },
    {
        "_id": "SJwEL_N5Od",
        "_deleted": false,
        "_createdAt": "2021-04-20T14:23:57.510Z",
        "_modifiedAt": "2021-04-20T14:23:57.510Z",
        "_lv": 1,
        "deploymentVersion": 1,
        "enabled": false,
        "backendId": "SyzW4vhUO",
        "modelId": "Attachment",
        "event": "function afterSave (event){\n /* Add Your Logic Here\t\n\t//apis.utility.logger.debug();\n\t*/\n}",
        "eventName": "afterSave",
        "_v": 0
    },
    {
        "_id": "Hku4I_V5dO",
        "_deleted": false,
        "_createdAt": "2021-04-20T14:23:57.528Z",
        "_modifiedAt": "2021-04-20T14:23:57.528Z",
        "_lv": 1,
        "deploymentVersion": 1,
        "enabled": false,
        "backendId": "SyzW4vhUO",
        "modelId": "Attachment",
        "event": "function beforeDelete (event){\n /* Add Your Logic Here\t\n\t//apis.utility.logger.debug();\n\t*/\n}",
        "eventName": "beforeDelete",
        "_v": 0
    },
    {
        "_id": "rkF4IuV5du",
        "_deleted": false,
        "_createdAt": "2021-04-20T14:23:57.531Z",
        "_modifiedAt": "2021-04-20T14:23:57.531Z",
        "_lv": 1,
        "deploymentVersion": 1,
        "enabled": false,
        "backendId": "SyzW4vhUO",
        "modelId": "Attachment",
        "event": "function beforeRead (event){\n /* Add Your Logic Here\t\n\t//apis.utility.logger.debug();\n\t*/\n}",
        "eventName": "beforeRead",
        "_v": 0
    },
    {
        "_id": "r19E8u4quu",
        "_deleted": false,
        "_createdAt": "2021-04-20T14:23:57.535Z",
        "_modifiedAt": "2021-04-20T14:23:57.535Z",
        "_lv": 1,
        "deploymentVersion": 1,
        "enabled": false,
        "backendId": "SyzW4vhUO",
        "modelId": "Attachment",
        "event": "function beforeSave (event){\n /* Add Your Logic Here\t\n\t//apis.utility.logger.debug();\n\t*/\n}",
        "eventName": "beforeSave",
        "_v": 0
    },
    {
        "_id": "SJsVIuN5u_",
        "_deleted": false,
        "_createdAt": "2021-04-20T14:23:57.559Z",
        "_modifiedAt": "2021-04-20T14:23:57.559Z",
        "_lv": 1,
        "deploymentVersion": 1,
        "enabled": false,
        "backendId": "SyzW4vhUO",
        "modelId": "Connection",
        "event": "function afterDelete (event){\n /* Add Your Logic Here\t\n\t//apis.utility.logger.debug();\n\t*/\n}",
        "eventName": "afterDelete",
        "_v": 0
    },
    {
        "_id": "B12E8dNcd_",
        "_deleted": false,
        "_createdAt": "2021-04-20T14:23:57.566Z",
        "_modifiedAt": "2021-04-20T14:23:57.566Z",
        "_lv": 1,
        "deploymentVersion": 1,
        "enabled": false,
        "backendId": "SyzW4vhUO",
        "modelId": "Connection",
        "event": "function afterRead (event){\n /* Add Your Logic Here\t\n\t//apis.utility.logger.debug();\n\t*/\n}",
        "eventName": "afterRead",
        "_v": 0
    },
    {
        "_id": "rkTVLdVq_O",
        "_deleted": false,
        "_createdAt": "2021-04-20T14:23:57.562Z",
        "_modifiedAt": "2021-04-20T14:23:57.562Z",
        "_lv": 1,
        "deploymentVersion": 1,
        "enabled": false,
        "backendId": "SyzW4vhUO",
        "modelId": "Connection",
        "event": "function afterSave (event){\n /* Add Your Logic Here\t\n\t//apis.utility.logger.debug();\n\t*/\n}",
        "eventName": "afterSave",
        "_v": 0
    },
    {
        "_id": "B10EId4c_u",
        "_deleted": false,
        "_createdAt": "2021-04-20T14:23:57.570Z",
        "_modifiedAt": "2021-04-20T14:23:57.570Z",
        "_lv": 1,
        "deploymentVersion": 1,
        "enabled": false,
        "backendId": "SyzW4vhUO",
        "modelId": "Connection",
        "event": "function beforeDelete (event){\n /* Add Your Logic Here\t\n\t//apis.utility.logger.debug();\n\t*/\n}",
        "eventName": "beforeDelete",
        "_v": 0
    },
    {
        "_id": "BkklVI_N9dO",
        "_deleted": false,
        "_createdAt": "2021-04-20T14:23:57.573Z",
        "_modifiedAt": "2021-04-20T14:23:57.573Z",
        "_lv": 1,
        "deploymentVersion": 1,
        "enabled": false,
        "backendId": "SyzW4vhUO",
        "modelId": "Connection",
        "event": "function beforeRead (event){\n /* Add Your Logic Here\t\n\t//apis.utility.logger.debug();\n\t*/\n}",
        "eventName": "beforeRead",
        "_v": 0
    },
    {
        "_id": "rklgVLd49_O",
        "_deleted": false,
        "_createdAt": "2021-04-20T14:23:57.565Z",
        "_modifiedAt": "2021-04-20T14:23:57.565Z",
        "_lv": 1,
        "deploymentVersion": 1,
        "enabled": false,
        "backendId": "SyzW4vhUO",
        "modelId": "Connection",
        "event": "function beforeSave (event){\n /* Add Your Logic Here\t\n\t//apis.utility.logger.debug();\n\t*/\n}",
        "eventName": "beforeSave",
        "_v": 0
    },
    {
        "_id": "S1WlE8_V9du",
        "_deleted": false,
        "_createdAt": "2021-04-20T14:23:57.529Z",
        "_modifiedAt": "2021-04-20T14:23:57.529Z",
        "_lv": 1,
        "deploymentVersion": 1,
        "enabled": false,
        "backendId": "SyzW4vhUO",
        "modelId": "Organization",
        "event": "function afterDelete (event){\n /* Add Your Logic Here\t\n\t//apis.utility.logger.debug();\n\t*/\n}",
        "eventName": "afterDelete",
        "_v": 0
    },
    {
        "_id": "HkMxNUOV5Ou",
        "_deleted": false,
        "_createdAt": "2021-04-20T14:23:57.537Z",
        "_modifiedAt": "2021-04-20T14:23:57.537Z",
        "_lv": 1,
        "deploymentVersion": 1,
        "enabled": false,
        "backendId": "SyzW4vhUO",
        "modelId": "Organization",
        "event": "function afterRead (event){\n /* Add Your Logic Here\t\n\t//apis.utility.logger.debug();\n\t*/\n}",
        "eventName": "afterRead",
        "_v": 0
    },
    {
        "_id": "H17gVUdN9O_",
        "_deleted": false,
        "_createdAt": "2021-04-20T14:23:57.525Z",
        "_modifiedAt": "2021-04-20T14:23:57.525Z",
        "_lv": 1,
        "deploymentVersion": 1,
        "enabled": false,
        "backendId": "SyzW4vhUO",
        "modelId": "Organization",
        "event": "function afterSave (event){\n /* Add Your Logic Here\t\n\t//apis.utility.logger.debug();\n\t*/\n}",
        "eventName": "afterSave",
        "_v": 0
    },
    {
        "_id": "rJ4eVIO4cOO",
        "_deleted": false,
        "_createdAt": "2021-04-20T14:23:57.533Z",
        "_modifiedAt": "2021-04-20T14:23:57.533Z",
        "_lv": 1,
        "deploymentVersion": 1,
        "enabled": false,
        "backendId": "SyzW4vhUO",
        "modelId": "Organization",
        "event": "function beforeDelete (event){\n /* Add Your Logic Here\t\n\t//apis.utility.logger.debug();\n\t*/\n}",
        "eventName": "beforeDelete",
        "_v": 0
    },
    {
        "_id": "SkBxVId49O_",
        "_deleted": false,
        "_createdAt": "2021-04-20T14:23:57.522Z",
        "_modifiedAt": "2021-04-20T14:23:57.522Z",
        "_lv": 1,
        "deploymentVersion": 1,
        "enabled": false,
        "backendId": "SyzW4vhUO",
        "modelId": "Organization",
        "event": "function beforeRead (event){\n /* Add Your Logic Here\t\n\t//apis.utility.logger.debug();\n\t*/\n}",
        "eventName": "beforeRead",
        "_v": 0
    },
    {
        "_id": "Hk8gNUON5__",
        "_deleted": false,
        "_createdAt": "2021-04-20T14:23:57.537Z",
        "_modifiedAt": "2021-04-20T14:23:57.537Z",
        "_lv": 1,
        "deploymentVersion": 1,
        "enabled": false,
        "backendId": "SyzW4vhUO",
        "modelId": "Organization",
        "event": "function beforeSave (event){\n /* Add Your Logic Here\t\n\t//apis.utility.logger.debug();\n\t*/\n}",
        "eventName": "beforeSave",
        "_v": 0
    },
    {
        "_id": "SkDg48O4cOu",
        "_deleted": false,
        "_createdAt": "2021-04-20T14:23:57.539Z",
        "_modifiedAt": "2021-04-20T14:23:57.539Z",
        "_lv": 1,
        "deploymentVersion": 1,
        "enabled": false,
        "backendId": "SyzW4vhUO",
        "modelId": "OrganizationDomain",
        "event": "function afterDelete (event){\n /* Add Your Logic Here\t\n\t//apis.utility.logger.debug();\n\t*/\n}",
        "eventName": "afterDelete",
        "_v": 0
    },
    {
        "_id": "HJdlNL_Vcuu",
        "_deleted": false,
        "_createdAt": "2021-04-20T14:23:57.535Z",
        "_modifiedAt": "2021-04-20T14:23:57.535Z",
        "_lv": 1,
        "deploymentVersion": 1,
        "enabled": false,
        "backendId": "SyzW4vhUO",
        "modelId": "OrganizationDomain",
        "event": "function afterRead (event){\n /* Add Your Logic Here\t\n\t//apis.utility.logger.debug();\n\t*/\n}",
        "eventName": "afterRead",
        "_v": 0
    },
    {
        "_id": "ryFgVUdNcOO",
        "_deleted": false,
        "_createdAt": "2021-04-20T14:23:57.531Z",
        "_modifiedAt": "2021-04-20T14:23:57.531Z",
        "_lv": 1,
        "deploymentVersion": 1,
        "enabled": false,
        "backendId": "SyzW4vhUO",
        "modelId": "OrganizationDomain",
        "event": "function afterSave (event){\n /* Add Your Logic Here\t\n\t//apis.utility.logger.debug();\n\t*/\n}",
        "eventName": "afterSave",
        "_v": 0
    },
    {
        "_id": "rk5x4IONqOd",
        "_deleted": false,
        "_createdAt": "2021-04-20T14:23:57.523Z",
        "_modifiedAt": "2021-04-20T14:23:57.523Z",
        "_lv": 1,
        "deploymentVersion": 1,
        "enabled": false,
        "backendId": "SyzW4vhUO",
        "modelId": "OrganizationDomain",
        "event": "function beforeDelete (event){\n /* Add Your Logic Here\t\n\t//apis.utility.logger.debug();\n\t*/\n}",
        "eventName": "beforeDelete",
        "_v": 0
    },
    {
        "_id": "BkjgEI_E5dO",
        "_deleted": false,
        "_createdAt": "2021-04-20T14:23:57.527Z",
        "_modifiedAt": "2021-04-20T14:23:57.527Z",
        "_lv": 1,
        "deploymentVersion": 1,
        "enabled": false,
        "backendId": "SyzW4vhUO",
        "modelId": "OrganizationDomain",
        "event": "function beforeRead (event){\n /* Add Your Logic Here\t\n\t//apis.utility.logger.debug();\n\t*/\n}",
        "eventName": "beforeRead",
        "_v": 0
    },
    {
        "_id": "Hy2gNLdN5OO",
        "_deleted": false,
        "_createdAt": "2021-04-20T14:23:57.534Z",
        "_modifiedAt": "2021-04-20T14:23:57.534Z",
        "_lv": 1,
        "deploymentVersion": 1,
        "enabled": false,
        "backendId": "SyzW4vhUO",
        "modelId": "OrganizationDomain",
        "event": "function beforeSave (event){\n /* Add Your Logic Here\t\n\t//apis.utility.logger.debug();\n\t*/\n}",
        "eventName": "beforeSave",
        "_v": 0
    },
    {
        "_id": "HyagE8_Ncud",
        "_deleted": false,
        "_createdAt": "2021-04-20T14:23:57.569Z",
        "_modifiedAt": "2021-04-20T14:23:57.569Z",
        "_lv": 1,
        "deploymentVersion": 1,
        "enabled": false,
        "backendId": "SyzW4vhUO",
        "modelId": "Rule",
        "event": "function afterDelete (event){\n /* Add Your Logic Here\t\n\t//apis.utility.logger.debug();\n\t*/\n}",
        "eventName": "afterDelete",
        "_v": 0
    },
    {
        "_id": "rJ0eEIuV9_O",
        "_deleted": false,
        "_createdAt": "2021-04-20T14:23:57.573Z",
        "_modifiedAt": "2021-04-20T14:23:57.573Z",
        "_lv": 1,
        "deploymentVersion": 1,
        "enabled": false,
        "backendId": "SyzW4vhUO",
        "modelId": "Rule",
        "event": "function afterRead (event){\n /* Add Your Logic Here\t\n\t//apis.utility.logger.debug();\n\t*/\n}",
        "eventName": "afterRead",
        "_v": 0
    },
    {
        "_id": "HkkbE8O4qd_",
        "_deleted": false,
        "_createdAt": "2021-04-20T14:23:57.564Z",
        "_modifiedAt": "2021-04-20T14:23:57.564Z",
        "_lv": 1,
        "deploymentVersion": 1,
        "enabled": false,
        "backendId": "SyzW4vhUO",
        "modelId": "Rule",
        "event": "function afterSave (event){\n /* Add Your Logic Here\t\n\t//apis.utility.logger.debug();\n\t*/\n}",
        "eventName": "afterSave",
        "_v": 0
    },
    {
        "_id": "BkxWVU_N5_d",
        "_deleted": false,
        "_createdAt": "2021-04-20T14:23:57.562Z",
        "_modifiedAt": "2021-04-20T14:23:57.562Z",
        "_lv": 1,
        "deploymentVersion": 1,
        "enabled": false,
        "backendId": "SyzW4vhUO",
        "modelId": "Rule",
        "event": "function beforeDelete (event){\n /* Add Your Logic Here\t\n\t//apis.utility.logger.debug();\n\t*/\n}",
        "eventName": "beforeDelete",
        "_v": 0
    },
    {
        "_id": "HJbbNUONcu_",
        "_deleted": false,
        "_createdAt": "2021-04-20T14:23:57.559Z",
        "_modifiedAt": "2021-04-20T14:23:57.559Z",
        "_lv": 1,
        "deploymentVersion": 1,
        "enabled": false,
        "backendId": "SyzW4vhUO",
        "modelId": "Rule",
        "event": "function beforeRead (event){\n /* Add Your Logic Here\t\n\t//apis.utility.logger.debug();\n\t*/\n}",
        "eventName": "beforeRead",
        "_v": 0
    },
    {
        "_id": "ByG-EU_VcdO",
        "_deleted": false,
        "_createdAt": "2021-04-20T14:23:57.572Z",
        "_modifiedAt": "2021-04-20T14:23:57.572Z",
        "_lv": 1,
        "deploymentVersion": 1,
        "enabled": false,
        "backendId": "SyzW4vhUO",
        "modelId": "Rule",
        "event": "function beforeSave (event){\n /* Add Your Logic Here\t\n\t//apis.utility.logger.debug();\n\t*/\n}",
        "eventName": "beforeSave",
        "_v": 0
    },
    {
        "_id": "SJQWVUONcOO",
        "_deleted": false,
        "_createdAt": "2021-04-20T14:23:57.532Z",
        "_modifiedAt": "2021-04-20T14:23:57.532Z",
        "_lv": 1,
        "deploymentVersion": 1,
        "enabled": false,
        "backendId": "SyzW4vhUO",
        "modelId": "User",
        "event": "function afterDelete (event){\n /* Add Your Logic Here\t\n\t//apis.utility.logger.debug();\n\t*/\n}",
        "eventName": "afterDelete",
        "_v": 0
    },
    {
        "_id": "ryV-VIdVq_u",
        "_deleted": false,
        "_createdAt": "2021-04-20T14:23:57.521Z",
        "_modifiedAt": "2021-04-20T14:23:57.521Z",
        "_lv": 1,
        "deploymentVersion": 1,
        "enabled": false,
        "backendId": "SyzW4vhUO",
        "modelId": "User",
        "event": "function afterRead (event){\n /* Add Your Logic Here\t\n\t//apis.utility.logger.debug();\n\t*/\n}",
        "eventName": "afterRead",
        "_v": 0
    },
    {
        "_id": "r1Hb4LuNqdd",
        "_deleted": false,
        "_createdAt": "2021-04-20T14:23:57.536Z",
        "_modifiedAt": "2021-04-20T14:23:57.536Z",
        "_lv": 1,
        "deploymentVersion": 1,
        "enabled": false,
        "backendId": "SyzW4vhUO",
        "modelId": "User",
        "event": "function afterSave (event){\n /* Add Your Logic Here\t\n\t//apis.utility.logger.debug();\n\t*/\n}",
        "eventName": "afterSave",
        "_v": 0
    },
    {
        "_id": "rkUZNLdN5_O",
        "_deleted": false,
        "_createdAt": "2021-04-20T14:23:57.524Z",
        "_modifiedAt": "2021-04-20T14:23:57.524Z",
        "_lv": 1,
        "deploymentVersion": 1,
        "enabled": false,
        "backendId": "SyzW4vhUO",
        "modelId": "User",
        "event": "function beforeDelete (event){\n /* Add Your Logic Here\t\n\t//apis.utility.logger.debug();\n\t*/\n}",
        "eventName": "beforeDelete",
        "_v": 0
    },
    {
        "_id": "ryw-4UuE9u_",
        "_deleted": false,
        "_createdAt": "2021-04-20T14:23:57.529Z",
        "_modifiedAt": "2021-04-20T14:23:57.529Z",
        "_lv": 1,
        "deploymentVersion": 1,
        "enabled": false,
        "backendId": "SyzW4vhUO",
        "modelId": "User",
        "event": "function beforeRead (event){\n /* Add Your Logic Here\t\n\t//apis.utility.logger.debug();\n\t*/\n}",
        "eventName": "beforeRead",
        "_v": 0
    },
    {
        "_id": "B1dbNUuEqO_",
        "_deleted": false,
        "_createdAt": "2021-04-20T14:23:57.520Z",
        "_modifiedAt": "2021-04-20T14:23:57.520Z",
        "_lv": 1,
        "deploymentVersion": 1,
        "enabled": false,
        "backendId": "SyzW4vhUO",
        "modelId": "User",
        "event": "function beforeSave (event){\n /* Add Your Logic Here\t\n\t//apis.utility.logger.debug();\n\t*/\n}",
        "eventName": "beforeSave",
        "_v": 0
    },
    {
        "_id": "ryK-VU_EcuO",
        "_deleted": false,
        "_createdAt": "2021-04-20T14:23:57.564Z",
        "_modifiedAt": "2021-04-20T14:23:57.564Z",
        "_lv": 1,
        "deploymentVersion": 1,
        "enabled": false,
        "backendId": "SyzW4vhUO",
        "modelId": "Workflow",
        "event": "function afterDelete (event){\n /* Add Your Logic Here\t\n\t//apis.utility.logger.debug();\n\t*/\n}",
        "eventName": "afterDelete",
        "_v": 0
    },
    {
        "_id": "Sy5bN8_V5dd",
        "_deleted": false,
        "_createdAt": "2021-04-20T14:23:57.569Z",
        "_modifiedAt": "2021-04-20T14:23:57.569Z",
        "_lv": 1,
        "deploymentVersion": 1,
        "enabled": false,
        "backendId": "SyzW4vhUO",
        "modelId": "Workflow",
        "event": "function afterRead (event){\n /* Add Your Logic Here\t\n\t//apis.utility.logger.debug();\n\t*/\n}",
        "eventName": "afterRead",
        "_v": 0
    },
    {
        "_id": "HJoWV8dN5d_",
        "_deleted": false,
        "_createdAt": "2021-04-20T14:23:57.557Z",
        "_modifiedAt": "2021-04-20T14:23:57.557Z",
        "_lv": 1,
        "deploymentVersion": 1,
        "enabled": false,
        "backendId": "SyzW4vhUO",
        "modelId": "Workflow",
        "event": "function afterSave (event){\n /* Add Your Logic Here\t\n\t//apis.utility.logger.debug();\n\t*/\n}",
        "eventName": "afterSave",
        "_v": 0
    },
    {
        "_id": "HynbEUdE9_u",
        "_deleted": false,
        "_createdAt": "2021-04-20T14:23:57.571Z",
        "_modifiedAt": "2021-04-20T14:23:57.571Z",
        "_lv": 1,
        "deploymentVersion": 1,
        "enabled": false,
        "backendId": "SyzW4vhUO",
        "modelId": "Workflow",
        "event": "function beforeDelete (event){\n /* Add Your Logic Here\t\n\t//apis.utility.logger.debug();\n\t*/\n}",
        "eventName": "beforeDelete",
        "_v": 0
    },
    {
        "_id": "SJp-NI_4quu",
        "_deleted": false,
        "_createdAt": "2021-04-20T14:23:57.561Z",
        "_modifiedAt": "2021-04-20T14:23:57.561Z",
        "_lv": 1,
        "deploymentVersion": 1,
        "enabled": false,
        "backendId": "SyzW4vhUO",
        "modelId": "Workflow",
        "event": "function beforeRead (event){\n /* Add Your Logic Here\t\n\t//apis.utility.logger.debug();\n\t*/\n}",
        "eventName": "beforeRead",
        "_v": 0
    },
    {
        "_id": "H1R-EI_V5Od",
        "_deleted": false,
        "_createdAt": "2021-04-20T14:23:57.568Z",
        "_modifiedAt": "2021-04-20T14:23:57.568Z",
        "_lv": 1,
        "deploymentVersion": 1,
        "enabled": false,
        "backendId": "SyzW4vhUO",
        "modelId": "Workflow",
        "event": "function beforeSave (event){\n /* Add Your Logic Here\t\n\t//apis.utility.logger.debug();\n\t*/\n}",
        "eventName": "beforeSave",
        "_v": 0
    },
    {
        "_id": "ByBSEhNcOd",
        "_deleted": false,
        "_createdAt": "2021-05-13T05:42:04.937Z",
        "_modifiedAt": "2021-05-13T05:42:04.937Z",
        "_lv": 0,
        "deploymentVersion": 7,
        "enabled": false,
        "backendId": "SyzW4vhUO",
        "modelId": "cvn",
        "event": "function afterDelete (event){\n /* Add Your Logic Here\t\n\t//apis.utility.logger.debug();\n\t*/\n}",
        "eventName": "afterDelete",
        "_v": 1
    },
    {
        "_id": "SJ8BVhVc_u",
        "_deleted": false,
        "_createdAt": "2021-05-13T05:42:04.938Z",
        "_modifiedAt": "2021-05-13T05:42:04.938Z",
        "_lv": 0,
        "deploymentVersion": 7,
        "enabled": false,
        "backendId": "SyzW4vhUO",
        "modelId": "cvn",
        "event": "function afterRead (event){\n /* Add Your Logic Here\t\n\t//apis.utility.logger.debug();\n\t*/\n}",
        "eventName": "afterRead",
        "_v": 1
    },
    {
        "_id": "By4rE3Vq_u",
        "_deleted": false,
        "_createdAt": "2021-05-13T05:42:04.937Z",
        "_modifiedAt": "2021-05-13T05:42:04.937Z",
        "_lv": 0,
        "deploymentVersion": 7,
        "enabled": false,
        "backendId": "SyzW4vhUO",
        "modelId": "cvn",
        "event": "function afterSave (event){\n /* Add Your Logic Here\t\n\t//apis.utility.logger.debug();\n\t*/\n}",
        "eventName": "afterSave",
        "_v": 1
    },
    {
        "_id": "HkfBN24qOO",
        "_deleted": false,
        "_createdAt": "2021-05-13T05:42:04.929Z",
        "_modifiedAt": "2021-05-13T05:42:04.929Z",
        "_lv": 0,
        "deploymentVersion": 7,
        "enabled": false,
        "backendId": "SyzW4vhUO",
        "modelId": "cvn",
        "event": "function beforeDelete (event){\n /* Add Your Logic Here\t\n\t//apis.utility.logger.debug();\n\t*/\n}",
        "eventName": "beforeDelete",
        "_v": 1
    },
    {
        "_id": "rymBNhN5dd",
        "_deleted": false,
        "_createdAt": "2021-05-13T05:42:04.936Z",
        "_modifiedAt": "2021-05-13T05:42:04.936Z",
        "_lv": 0,
        "deploymentVersion": 7,
        "enabled": false,
        "backendId": "SyzW4vhUO",
        "modelId": "cvn",
        "event": "function beforeRead (event){\n /* Add Your Logic Here\t\n\t//apis.utility.logger.debug();\n\t*/\n}",
        "eventName": "beforeRead",
        "_v": 1
    },
    {
        "_id": "SyZS4249OO",
        "_deleted": false,
        "_createdAt": "2021-05-13T05:42:04.926Z",
        "_modifiedAt": "2021-05-13T05:42:04.926Z",
        "_lv": 0,
        "deploymentVersion": 7,
        "enabled": false,
        "backendId": "SyzW4vhUO",
        "modelId": "cvn",
        "event": "function beforeSave (event){\n /* Add Your Logic Here\t\n\t//apis.utility.logger.debug();\n\t*/\n}",
        "eventName": "beforeSave",
        "_v": 1
    },
    {
        "_id": "HJruSsNcd_",
        "_deleted": false,
        "_createdAt": "2021-05-13T05:38:07.691Z",
        "_modifiedAt": "2021-05-13T05:38:07.691Z",
        "_lv": 0,
        "deploymentVersion": 6,
        "enabled": false,
        "backendId": "SyzW4vhUO",
        "modelId": "dfgh",
        "event": "function afterDelete (event){\n /* Add Your Logic Here\t\n\t//apis.utility.logger.debug();\n\t*/\n}",
        "eventName": "afterDelete",
        "_v": 1
    },
    {
        "_id": "SyGOSoEcud",
        "_deleted": false,
        "_createdAt": "2021-05-13T05:38:07.690Z",
        "_modifiedAt": "2021-05-13T05:38:07.690Z",
        "_lv": 0,
        "deploymentVersion": 6,
        "enabled": false,
        "backendId": "SyzW4vhUO",
        "modelId": "dfgh",
        "event": "function afterRead (event){\n /* Add Your Logic Here\t\n\t//apis.utility.logger.debug();\n\t*/\n}",
        "eventName": "afterRead",
        "_v": 1
    },
    {
        "_id": "HJQdSiNcOO",
        "_deleted": false,
        "_createdAt": "2021-05-13T05:38:07.690Z",
        "_modifiedAt": "2021-05-13T05:38:07.690Z",
        "_lv": 0,
        "deploymentVersion": 6,
        "enabled": false,
        "backendId": "SyzW4vhUO",
        "modelId": "dfgh",
        "event": "function afterSave (event){\n /* Add Your Logic Here\t\n\t//apis.utility.logger.debug();\n\t*/\n}",
        "eventName": "afterSave",
        "_v": 1
    },
    {
        "_id": "BkN_roEqOO",
        "_deleted": false,
        "_createdAt": "2021-05-13T05:38:07.691Z",
        "_modifiedAt": "2021-05-13T05:38:07.691Z",
        "_lv": 0,
        "deploymentVersion": 6,
        "enabled": false,
        "backendId": "SyzW4vhUO",
        "modelId": "dfgh",
        "event": "function beforeDelete (event){\n /* Add Your Logic Here\t\n\t//apis.utility.logger.debug();\n\t*/\n}",
        "eventName": "beforeDelete",
        "_v": 1
    },
    {
        "_id": "H1gdSiEcOO",
        "_deleted": false,
        "_createdAt": "2021-05-13T05:38:07.688Z",
        "_modifiedAt": "2021-05-13T05:38:07.688Z",
        "_lv": 0,
        "deploymentVersion": 6,
        "enabled": false,
        "backendId": "SyzW4vhUO",
        "modelId": "dfgh",
        "event": "function beforeRead (event){\n /* Add Your Logic Here\t\n\t//apis.utility.logger.debug();\n\t*/\n}",
        "eventName": "beforeRead",
        "_v": 1
    },
    {
        "_id": "BJW_ro49__",
        "_deleted": false,
        "_createdAt": "2021-05-13T05:38:07.689Z",
        "_modifiedAt": "2021-05-13T05:38:07.689Z",
        "_lv": 0,
        "deploymentVersion": 6,
        "enabled": false,
        "backendId": "SyzW4vhUO",
        "modelId": "dfgh",
        "event": "function beforeSave (event){\n /* Add Your Logic Here\t\n\t//apis.utility.logger.debug();\n\t*/\n}",
        "eventName": "beforeSave",
        "_v": 1
    },
    {
        "_id": "HJkGV8d49Od",
        "_deleted": false,
        "_createdAt": "2021-04-20T14:46:55.370Z",
        "_modifiedAt": "2021-04-20T14:46:55.370Z",
        "_lv": 1,
        "deploymentVersion": 2,
        "enabled": false,
        "backendId": "SyzW4vhUO",
        "modelId": "employee",
        "event": "function afterDelete (event){\n /* Add Your Logic Here\t\n\t//apis.utility.logger.debug();\n\t*/\n}",
        "eventName": "afterDelete",
        "_v": 0
    },
    {
        "_id": "BkezN8OV9u_",
        "_deleted": false,
        "_createdAt": "2021-04-20T14:46:55.371Z",
        "_modifiedAt": "2021-04-20T14:46:55.371Z",
        "_lv": 1,
        "deploymentVersion": 2,
        "enabled": false,
        "backendId": "SyzW4vhUO",
        "modelId": "employee",
        "event": "function afterRead (event){\n /* Add Your Logic Here\t\n\t//apis.utility.logger.debug();\n\t*/\n}",
        "eventName": "afterRead",
        "_v": 0
    },
    {
        "_id": "Bk-fELuN5dd",
        "_deleted": false,
        "_createdAt": "2021-04-20T14:46:55.366Z",
        "_modifiedAt": "2021-04-20T14:46:55.366Z",
        "_lv": 1,
        "deploymentVersion": 2,
        "enabled": false,
        "backendId": "SyzW4vhUO",
        "modelId": "employee",
        "event": "function afterSave (event){\n /* Add Your Logic Here\t\n\t//apis.utility.logger.debug();\n\t*/\n}",
        "eventName": "afterSave",
        "_v": 0
    },
    {
        "_id": "BkMGNUuEcOu",
        "_deleted": false,
        "_createdAt": "2021-04-20T14:46:55.366Z",
        "_modifiedAt": "2021-04-20T14:46:55.366Z",
        "_lv": 1,
        "deploymentVersion": 2,
        "enabled": false,
        "backendId": "SyzW4vhUO",
        "modelId": "employee",
        "event": "function beforeDelete (event){\n /* Add Your Logic Here\t\n\t//apis.utility.logger.debug();\n\t*/\n}",
        "eventName": "beforeDelete",
        "_v": 0
    },
    {
        "_id": "ByQM4L_Nquu",
        "_deleted": false,
        "_createdAt": "2021-04-20T14:46:55.363Z",
        "_modifiedAt": "2021-04-20T14:46:55.363Z",
        "_lv": 1,
        "deploymentVersion": 2,
        "enabled": false,
        "backendId": "SyzW4vhUO",
        "modelId": "employee",
        "event": "function beforeRead (event){\n /* Add Your Logic Here\t\n\t//apis.utility.logger.debug();\n\t*/\n}",
        "eventName": "beforeRead",
        "_v": 0
    },
    {
        "_id": "BJ4zEU_V9Ou",
        "_deleted": false,
        "_createdAt": "2021-04-20T14:46:55.371Z",
        "_modifiedAt": "2021-04-20T14:46:55.371Z",
        "_lv": 1,
        "deploymentVersion": 2,
        "enabled": false,
        "backendId": "SyzW4vhUO",
        "modelId": "employee",
        "event": "function beforeSave (event){\n /* Add Your Logic Here\t\n\t//apis.utility.logger.debug();\n\t*/\n}",
        "eventName": "beforeSave",
        "_v": 0
    },
    {
        "_id": "H1UhZtVcOO",
        "_deleted": false,
        "_createdAt": "2021-05-13T05:28:36.054Z",
        "_modifiedAt": "2021-05-13T05:28:36.054Z",
        "_lv": 0,
        "deploymentVersion": 5,
        "enabled": false,
        "backendId": "SyzW4vhUO",
        "modelId": "fdgh",
        "event": "function afterDelete (event){\n /* Add Your Logic Here\t\n\t//apis.utility.logger.debug();\n\t*/\n}",
        "eventName": "afterDelete",
        "_v": 1
    },
    {
        "_id": "H1V2WKV9Ou",
        "_deleted": false,
        "_createdAt": "2021-05-13T05:28:36.049Z",
        "_modifiedAt": "2021-05-13T05:28:36.049Z",
        "_lv": 0,
        "deploymentVersion": 5,
        "enabled": false,
        "backendId": "SyzW4vhUO",
        "modelId": "fdgh",
        "event": "function afterRead (event){\n /* Add Your Logic Here\t\n\t//apis.utility.logger.debug();\n\t*/\n}",
        "eventName": "afterRead",
        "_v": 1
    },
    {
        "_id": "ByW3ZKN5OO",
        "_deleted": false,
        "_createdAt": "2021-05-13T05:28:36.047Z",
        "_modifiedAt": "2021-05-13T05:28:36.047Z",
        "_lv": 0,
        "deploymentVersion": 5,
        "enabled": false,
        "backendId": "SyzW4vhUO",
        "modelId": "fdgh",
        "event": "function afterSave (event){\n /* Add Your Logic Here\t\n\t//apis.utility.logger.debug();\n\t*/\n}",
        "eventName": "afterSave",
        "_v": 1
    },
    {
        "_id": "Bkr3ZF49OO",
        "_deleted": false,
        "_createdAt": "2021-05-13T05:28:36.049Z",
        "_modifiedAt": "2021-05-13T05:28:36.049Z",
        "_lv": 0,
        "deploymentVersion": 5,
        "enabled": false,
        "backendId": "SyzW4vhUO",
        "modelId": "fdgh",
        "event": "function beforeDelete (event){\n /* Add Your Logic Here\t\n\t//apis.utility.logger.debug();\n\t*/\n}",
        "eventName": "beforeDelete",
        "_v": 1
    },
    {
        "_id": "BJz2-YV5_O",
        "_deleted": false,
        "_createdAt": "2021-05-13T05:28:36.048Z",
        "_modifiedAt": "2021-05-13T05:28:36.048Z",
        "_lv": 0,
        "deploymentVersion": 5,
        "enabled": false,
        "backendId": "SyzW4vhUO",
        "modelId": "fdgh",
        "event": "function beforeRead (event){\n /* Add Your Logic Here\t\n\t//apis.utility.logger.debug();\n\t*/\n}",
        "eventName": "beforeRead",
        "_v": 1
    },
    {
        "_id": "H1mnZtE5dd",
        "_deleted": false,
        "_createdAt": "2021-05-13T05:28:36.048Z",
        "_modifiedAt": "2021-05-13T05:28:36.048Z",
        "_lv": 0,
        "deploymentVersion": 5,
        "enabled": false,
        "backendId": "SyzW4vhUO",
        "modelId": "fdgh",
        "event": "function beforeSave (event){\n /* Add Your Logic Here\t\n\t//apis.utility.logger.debug();\n\t*/\n}",
        "eventName": "beforeSave",
        "_v": 1
    },
    {
        "_id": "B1BMN8d49O_",
        "_deleted": false,
        "_createdAt": "2021-04-20T14:23:57.522Z",
        "_modifiedAt": "2021-04-20T14:23:57.522Z",
        "_lv": 1,
        "deploymentVersion": 1,
        "enabled": false,
        "backendId": "SyzW4vhUO",
        "modelId": "jobDetail",
        "event": "function afterDelete (event){\n /* Add Your Logic Here\t\n\t//apis.utility.logger.debug();\n\t*/\n}",
        "eventName": "afterDelete",
        "_v": 0
    },
    {
        "_id": "r1LMVIuV9ud",
        "_deleted": false,
        "_createdAt": "2021-04-20T14:23:57.526Z",
        "_modifiedAt": "2021-04-20T14:23:57.526Z",
        "_lv": 1,
        "deploymentVersion": 1,
        "enabled": false,
        "backendId": "SyzW4vhUO",
        "modelId": "jobDetail",
        "event": "function afterRead (event){\n /* Add Your Logic Here\t\n\t//apis.utility.logger.debug();\n\t*/\n}",
        "eventName": "afterRead",
        "_v": 0
    },
    {
        "_id": "HyvM4LdE5OO",
        "_deleted": false,
        "_createdAt": "2021-04-20T14:23:57.533Z",
        "_modifiedAt": "2021-04-20T14:23:57.533Z",
        "_lv": 1,
        "deploymentVersion": 1,
        "enabled": false,
        "backendId": "SyzW4vhUO",
        "modelId": "jobDetail",
        "event": "function afterSave (event){\n /* Add Your Logic Here\t\n\t//apis.utility.logger.debug();\n\t*/\n}",
        "eventName": "afterSave",
        "_v": 0
    },
    {
        "_id": "BydzN8OE9Od",
        "_deleted": false,
        "_createdAt": "2021-04-20T14:23:57.530Z",
        "_modifiedAt": "2021-04-20T14:23:57.530Z",
        "_lv": 1,
        "deploymentVersion": 1,
        "enabled": false,
        "backendId": "SyzW4vhUO",
        "modelId": "jobDetail",
        "event": "function beforeDelete (event){\n /* Add Your Logic Here\t\n\t//apis.utility.logger.debug();\n\t*/\n}",
        "eventName": "beforeDelete",
        "_v": 0
    },
    {
        "_id": "HJKGNL_45ud",
        "_deleted": false,
        "_createdAt": "2021-04-20T14:23:57.538Z",
        "_modifiedAt": "2021-04-20T14:23:57.538Z",
        "_lv": 1,
        "deploymentVersion": 1,
        "enabled": false,
        "backendId": "SyzW4vhUO",
        "modelId": "jobDetail",
        "event": "function beforeRead (event){\n /* Add Your Logic Here\t\n\t//apis.utility.logger.debug();\n\t*/\n}",
        "eventName": "beforeRead",
        "_v": 0
    },
    {
        "_id": "HJczEIdVquu",
        "_deleted": false,
        "_createdAt": "2021-04-20T14:23:57.526Z",
        "_modifiedAt": "2021-04-20T14:23:57.526Z",
        "_lv": 1,
        "deploymentVersion": 1,
        "enabled": false,
        "backendId": "SyzW4vhUO",
        "modelId": "jobDetail",
        "event": "function beforeSave (event){\n /* Add Your Logic Here\t\n\t//apis.utility.logger.debug();\n\t*/\n}",
        "eventName": "beforeSave",
        "_v": 0
    },
    {
        "_id": "SkjMEU_45uu",
        "_deleted": false,
        "_createdAt": "2021-04-20T14:23:57.568Z",
        "_modifiedAt": "2021-04-20T14:23:57.568Z",
        "_lv": 1,
        "deploymentVersion": 1,
        "enabled": false,
        "backendId": "SyzW4vhUO",
        "modelId": "mapping",
        "event": "function afterDelete (event){\n /* Add Your Logic Here\t\n\t//apis.utility.logger.debug();\n\t*/\n}",
        "eventName": "afterDelete",
        "_v": 0
    },
    {
        "_id": "HJhfN8ON9dd",
        "_deleted": false,
        "_createdAt": "2021-04-20T14:23:57.571Z",
        "_modifiedAt": "2021-04-20T14:23:57.571Z",
        "_lv": 1,
        "deploymentVersion": 1,
        "enabled": false,
        "backendId": "SyzW4vhUO",
        "modelId": "mapping",
        "event": "function afterRead (event){\n /* Add Your Logic Here\t\n\t//apis.utility.logger.debug();\n\t*/\n}",
        "eventName": "afterRead",
        "_v": 0
    },
    {
        "_id": "ryaGEL_49dd",
        "_deleted": false,
        "_createdAt": "2021-04-20T14:23:57.560Z",
        "_modifiedAt": "2021-04-20T14:23:57.560Z",
        "_lv": 1,
        "deploymentVersion": 1,
        "enabled": false,
        "backendId": "SyzW4vhUO",
        "modelId": "mapping",
        "event": "function afterSave (event){\n /* Add Your Logic Here\t\n\t//apis.utility.logger.debug();\n\t*/\n}",
        "eventName": "afterSave",
        "_v": 0
    },
    {
        "_id": "Bk0MEIuE9uu",
        "_deleted": false,
        "_createdAt": "2021-04-20T14:23:57.574Z",
        "_modifiedAt": "2021-04-20T14:23:57.574Z",
        "_lv": 1,
        "deploymentVersion": 1,
        "enabled": false,
        "backendId": "SyzW4vhUO",
        "modelId": "mapping",
        "event": "function beforeDelete (event){\n /* Add Your Logic Here\t\n\t//apis.utility.logger.debug();\n\t*/\n}",
        "eventName": "beforeDelete",
        "_v": 0
    },
    {
        "_id": "SJ1QVIu4cOu",
        "_deleted": false,
        "_createdAt": "2021-04-20T14:23:57.563Z",
        "_modifiedAt": "2021-04-20T14:23:57.563Z",
        "_lv": 1,
        "deploymentVersion": 1,
        "enabled": false,
        "backendId": "SyzW4vhUO",
        "modelId": "mapping",
        "event": "function beforeRead (event){\n /* Add Your Logic Here\t\n\t//apis.utility.logger.debug();\n\t*/\n}",
        "eventName": "beforeRead",
        "_v": 0
    },
    {
        "_id": "Bkl7VIu4cu_",
        "_deleted": false,
        "_createdAt": "2021-04-20T14:23:57.570Z",
        "_modifiedAt": "2021-04-20T14:23:57.570Z",
        "_lv": 1,
        "deploymentVersion": 1,
        "enabled": false,
        "backendId": "SyzW4vhUO",
        "modelId": "mapping",
        "event": "function beforeSave (event){\n /* Add Your Logic Here\t\n\t//apis.utility.logger.debug();\n\t*/\n}",
        "eventName": "beforeSave",
        "_v": 0
    },
    {
        "_id": "By-Q4UuE9ud",
        "_deleted": false,
        "_createdAt": "2021-04-20T14:23:57.573Z",
        "_modifiedAt": "2021-04-20T14:23:57.573Z",
        "_lv": 1,
        "deploymentVersion": 1,
        "enabled": false,
        "backendId": "SyzW4vhUO",
        "modelId": "s3ObjectRoleMapping",
        "event": "function afterDelete (event){\n /* Add Your Logic Here\t\n\t//apis.utility.logger.debug();\n\t*/\n}",
        "eventName": "afterDelete",
        "_v": 0
    },
    {
        "_id": "r1zXEIO45O_",
        "_deleted": false,
        "_createdAt": "2021-04-20T14:23:57.563Z",
        "_modifiedAt": "2021-04-20T14:23:57.563Z",
        "_lv": 1,
        "deploymentVersion": 1,
        "enabled": false,
        "backendId": "SyzW4vhUO",
        "modelId": "s3ObjectRoleMapping",
        "event": "function afterRead (event){\n /* Add Your Logic Here\t\n\t//apis.utility.logger.debug();\n\t*/\n}",
        "eventName": "afterRead",
        "_v": 0
    },
    {
        "_id": "HJmmEL_Nc__",
        "_deleted": false,
        "_createdAt": "2021-04-20T14:23:57.570Z",
        "_modifiedAt": "2021-04-20T14:23:57.570Z",
        "_lv": 1,
        "deploymentVersion": 1,
        "enabled": false,
        "backendId": "SyzW4vhUO",
        "modelId": "s3ObjectRoleMapping",
        "event": "function afterSave (event){\n /* Add Your Logic Here\t\n\t//apis.utility.logger.debug();\n\t*/\n}",
        "eventName": "afterSave",
        "_v": 0
    },
    {
        "_id": "ByEQVU_Eqd_",
        "_deleted": false,
        "_createdAt": "2021-04-20T14:23:57.560Z",
        "_modifiedAt": "2021-04-20T14:23:57.560Z",
        "_lv": 1,
        "deploymentVersion": 1,
        "enabled": false,
        "backendId": "SyzW4vhUO",
        "modelId": "s3ObjectRoleMapping",
        "event": "function beforeDelete (event){\n /* Add Your Logic Here\t\n\t//apis.utility.logger.debug();\n\t*/\n}",
        "eventName": "beforeDelete",
        "_v": 0
    },
    {
        "_id": "S1HQ48ONqdd",
        "_deleted": false,
        "_createdAt": "2021-04-20T14:23:57.567Z",
        "_modifiedAt": "2021-04-20T14:23:57.567Z",
        "_lv": 1,
        "deploymentVersion": 1,
        "enabled": false,
        "backendId": "SyzW4vhUO",
        "modelId": "s3ObjectRoleMapping",
        "event": "function beforeRead (event){\n /* Add Your Logic Here\t\n\t//apis.utility.logger.debug();\n\t*/\n}",
        "eventName": "beforeRead",
        "_v": 0
    },
    {
        "_id": "r1LXVUdV5Ou",
        "_deleted": false,
        "_createdAt": "2021-04-20T14:23:57.563Z",
        "_modifiedAt": "2021-04-20T14:23:57.563Z",
        "_lv": 1,
        "deploymentVersion": 1,
        "enabled": false,
        "backendId": "SyzW4vhUO",
        "modelId": "s3ObjectRoleMapping",
        "event": "function beforeSave (event){\n /* Add Your Logic Here\t\n\t//apis.utility.logger.debug();\n\t*/\n}",
        "eventName": "beforeSave",
        "_v": 0
    },
    {
        "_id": "r1vmE8ONqdu",
        "_deleted": false,
        "_createdAt": "2021-05-12T05:51:16.000Z",
        "_modifiedAt": "2021-05-12T05:51:16.000Z",
        "_lv": 1,
        "deploymentVersion": 3,
        "enabled": false,
        "backendId": "SyzW4vhUO",
        "modelId": "shree",
        "event": "function afterDelete (event){\n /* Add Your Logic Here\t\n\t//apis.utility.logger.debug();\n\t*/\n}",
        "eventName": "afterDelete",
        "_v": 0
    },
    {
        "_id": "SJOXVUONquu",
        "_deleted": false,
        "_createdAt": "2021-05-12T05:51:16.001Z",
        "_modifiedAt": "2021-05-12T05:51:16.001Z",
        "_lv": 1,
        "deploymentVersion": 3,
        "enabled": false,
        "backendId": "SyzW4vhUO",
        "modelId": "shree",
        "event": "function afterRead (event){\n /* Add Your Logic Here\t\n\t//apis.utility.logger.debug();\n\t*/\n}",
        "eventName": "afterRead",
        "_v": 0
    },
    {
        "_id": "rytmEIdV5du",
        "_deleted": false,
        "_createdAt": "2021-05-12T05:51:15.999Z",
        "_modifiedAt": "2021-05-12T05:51:15.999Z",
        "_lv": 1,
        "deploymentVersion": 3,
        "enabled": false,
        "backendId": "SyzW4vhUO",
        "modelId": "shree",
        "event": "function afterSave (event){\n /* Add Your Logic Here\t\n\t//apis.utility.logger.debug();\n\t*/\n}",
        "eventName": "afterSave",
        "_v": 0
    },
    {
        "_id": "Skq748uEcd_",
        "_deleted": false,
        "_createdAt": "2021-05-12T05:51:15.986Z",
        "_modifiedAt": "2021-05-12T05:51:15.986Z",
        "_lv": 1,
        "deploymentVersion": 3,
        "enabled": false,
        "backendId": "SyzW4vhUO",
        "modelId": "shree",
        "event": "function beforeDelete (event){\n /* Add Your Logic Here\t\n\t//apis.utility.logger.debug();\n\t*/\n}",
        "eventName": "beforeDelete",
        "_v": 0
    },
    {
        "_id": "ryiXNLd4cOd",
        "_deleted": false,
        "_createdAt": "2021-05-12T05:51:16.000Z",
        "_modifiedAt": "2021-05-12T05:51:16.000Z",
        "_lv": 1,
        "deploymentVersion": 3,
        "enabled": false,
        "backendId": "SyzW4vhUO",
        "modelId": "shree",
        "event": "function beforeRead (event){\n /* Add Your Logic Here\t\n\t//apis.utility.logger.debug();\n\t*/\n}",
        "eventName": "beforeRead",
        "_v": 0
    },
    {
        "_id": "Sy2XNUdEc__",
        "_deleted": false,
        "_createdAt": "2021-05-12T05:51:15.997Z",
        "_modifiedAt": "2021-05-12T05:51:15.997Z",
        "_lv": 1,
        "deploymentVersion": 3,
        "enabled": false,
        "backendId": "SyzW4vhUO",
        "modelId": "shree",
        "event": "function beforeSave (event){\n /* Add Your Logic Here\t\n\t//apis.utility.logger.debug();\n\t*/\n}",
        "eventName": "beforeSave",
        "_v": 0
    }
]