[
    {
        "_id": "BJE-IbVvnUu",
        "_deleted": false,
        "_createdAt": "2021-04-20T14:23:57.561Z",
        "_modifiedAt": "2021-04-20T14:23:57.561Z",
        "_lv": 0,
        "deploymentVersion": 1,
        "enabled": false,
        "backendId": "SyzW4vhUO",
        "modelId": "AccessKey",
        "event": "function afterDelete (event){\n /* Add Your Logic Here\t\n\t//apis.utility.logger.debug();\n\t*/\n}",
        "eventName": "afterDelete",
        "_v": 1
    },
    {
        "_id": "Hk0eLbNDnU_",
        "_deleted": false,
        "_createdAt": "2021-04-20T14:23:57.559Z",
        "_modifiedAt": "2021-04-20T14:23:57.559Z",
        "_lv": 0,
        "deploymentVersion": 1,
        "enabled": false,
        "backendId": "SyzW4vhUO",
        "modelId": "AccessKey",
        "event": "function afterRead (event){\n /* Add Your Logic Here\t\n\t//apis.utility.logger.debug();\n\t*/\n}",
        "eventName": "afterRead",
        "_v": 1
    },
    {
        "_id": "Sk9fU-ND3UO",
        "_deleted": false,
        "_createdAt": "2021-04-20T14:23:57.572Z",
        "_modifiedAt": "2021-04-20T14:23:57.572Z",
        "_lv": 0,
        "deploymentVersion": 1,
        "enabled": false,
        "backendId": "SyzW4vhUO",
        "modelId": "AccessKey",
        "event": "function afterSave (event){\n /* Add Your Logic Here\t\n\t//apis.utility.logger.debug();\n\t*/\n}",
        "eventName": "afterSave",
        "_v": 1
    },
    {
        "_id": "r1ib8ZNvh8d",
        "_deleted": false,
        "_createdAt": "2021-04-20T14:23:57.564Z",
        "_modifiedAt": "2021-04-20T14:23:57.564Z",
        "_lv": 0,
        "deploymentVersion": 1,
        "enabled": false,
        "backendId": "SyzW4vhUO",
        "modelId": "AccessKey",
        "event": "function beforeDelete (event){\n /* Add Your Logic Here\t\n\t//apis.utility.logger.debug();\n\t*/\n}",
        "eventName": "beforeDelete",
        "_v": 1
    },
    {
        "_id": "BkmGI-VP3Ud",
        "_deleted": false,
        "_createdAt": "2021-04-20T14:23:57.569Z",
        "_modifiedAt": "2021-04-20T14:23:57.569Z",
        "_lv": 0,
        "deploymentVersion": 1,
        "enabled": false,
        "backendId": "SyzW4vhUO",
        "modelId": "AccessKey",
        "event": "function beforeRead (event){\n /* Add Your Logic Here\t\n\t//apis.utility.logger.debug();\n\t*/\n}",
        "eventName": "beforeRead",
        "_v": 1
    },
    {
        "_id": "rk6e8bEv28_",
        "_deleted": false,
        "_createdAt": "2021-04-20T14:23:57.558Z",
        "_modifiedAt": "2021-04-20T14:23:57.558Z",
        "_lv": 0,
        "deploymentVersion": 1,
        "enabled": false,
        "backendId": "SyzW4vhUO",
        "modelId": "AccessKey",
        "event": "function beforeSave (event){\n /* Add Your Logic Here\t\n\t//apis.utility.logger.debug();\n\t*/\n}",
        "eventName": "beforeSave",
        "_v": 1
    },
    {
        "_id": "S1NI-EP3I_",
        "_deleted": false,
        "_createdAt": "2021-04-20T14:23:57.524Z",
        "_modifiedAt": "2021-04-20T14:23:57.524Z",
        "_lv": 0,
        "deploymentVersion": 1,
        "enabled": false,
        "backendId": "SyzW4vhUO",
        "modelId": "Attachment",
        "event": "function afterDelete (event){\n /* Add Your Logic Here\t\n\t//apis.utility.logger.debug();\n\t*/\n}",
        "eventName": "afterDelete",
        "_v": 1
    },
    {
        "_id": "r1iUbVv2UO",
        "_deleted": false,
        "_createdAt": "2021-04-20T14:23:57.528Z",
        "_modifiedAt": "2021-04-20T14:23:57.528Z",
        "_lv": 0,
        "deploymentVersion": 1,
        "enabled": false,
        "backendId": "SyzW4vhUO",
        "modelId": "Attachment",
        "event": "function afterRead (event){\n /* Add Your Logic Here\t\n\t//apis.utility.logger.debug();\n\t*/\n}",
        "eventName": "afterRead",
        "_v": 1
    },
    {
        "_id": "ByqrW4D2Lu",
        "_deleted": false,
        "_createdAt": "2021-04-20T14:23:57.510Z",
        "_modifiedAt": "2021-04-20T14:23:57.510Z",
        "_lv": 0,
        "deploymentVersion": 1,
        "enabled": false,
        "backendId": "SyzW4vhUO",
        "modelId": "Attachment",
        "event": "function afterSave (event){\n /* Add Your Logic Here\t\n\t//apis.utility.logger.debug();\n\t*/\n}",
        "eventName": "afterSave",
        "_v": 1
    },
    {
        "_id": "SJcUWNP2L_",
        "_deleted": false,
        "_createdAt": "2021-04-20T14:23:57.528Z",
        "_modifiedAt": "2021-04-20T14:23:57.528Z",
        "_lv": 0,
        "deploymentVersion": 1,
        "enabled": false,
        "backendId": "SyzW4vhUO",
        "modelId": "Attachment",
        "event": "function beforeDelete (event){\n /* Add Your Logic Here\t\n\t//apis.utility.logger.debug();\n\t*/\n}",
        "eventName": "beforeDelete",
        "_v": 1
    },
    {
        "_id": "B1elIZND28O",
        "_deleted": false,
        "_createdAt": "2021-04-20T14:23:57.531Z",
        "_modifiedAt": "2021-04-20T14:23:57.531Z",
        "_lv": 0,
        "deploymentVersion": 1,
        "enabled": false,
        "backendId": "SyzW4vhUO",
        "modelId": "Attachment",
        "event": "function beforeRead (event){\n /* Add Your Logic Here\t\n\t//apis.utility.logger.debug();\n\t*/\n}",
        "eventName": "beforeRead",
        "_v": 1
    },
    {
        "_id": "ryLxI-Nv2U_",
        "_deleted": false,
        "_createdAt": "2021-04-20T14:23:57.535Z",
        "_modifiedAt": "2021-04-20T14:23:57.535Z",
        "_lv": 0,
        "deploymentVersion": 1,
        "enabled": false,
        "backendId": "SyzW4vhUO",
        "modelId": "Attachment",
        "event": "function beforeSave (event){\n /* Add Your Logic Here\t\n\t//apis.utility.logger.debug();\n\t*/\n}",
        "eventName": "beforeSave",
        "_v": 1
    },
    {
        "_id": "Hyx-L-4whIu",
        "_deleted": false,
        "_createdAt": "2021-04-20T14:23:57.559Z",
        "_modifiedAt": "2021-04-20T14:23:57.559Z",
        "_lv": 0,
        "deploymentVersion": 1,
        "enabled": false,
        "backendId": "SyzW4vhUO",
        "modelId": "Connection",
        "event": "function afterDelete (event){\n /* Add Your Logic Here\t\n\t//apis.utility.logger.debug();\n\t*/\n}",
        "eventName": "afterDelete",
        "_v": 1
    },
    {
        "_id": "rkRW8bEDh8O",
        "_deleted": false,
        "_createdAt": "2021-04-20T14:23:57.566Z",
        "_modifiedAt": "2021-04-20T14:23:57.566Z",
        "_lv": 0,
        "deploymentVersion": 1,
        "enabled": false,
        "backendId": "SyzW4vhUO",
        "modelId": "Connection",
        "event": "function afterRead (event){\n /* Add Your Logic Here\t\n\t//apis.utility.logger.debug();\n\t*/\n}",
        "eventName": "afterRead",
        "_v": 1
    },
    {
        "_id": "B1UbI-4wh8u",
        "_deleted": false,
        "_createdAt": "2021-04-20T14:23:57.562Z",
        "_modifiedAt": "2021-04-20T14:23:57.562Z",
        "_lv": 0,
        "deploymentVersion": 1,
        "enabled": false,
        "backendId": "SyzW4vhUO",
        "modelId": "Connection",
        "event": "function afterSave (event){\n /* Add Your Logic Here\t\n\t//apis.utility.logger.debug();\n\t*/\n}",
        "eventName": "afterSave",
        "_v": 1
    },
    {
        "_id": "ryBMUWNPhIO",
        "_deleted": false,
        "_createdAt": "2021-04-20T14:23:57.570Z",
        "_modifiedAt": "2021-04-20T14:23:57.570Z",
        "_lv": 0,
        "deploymentVersion": 1,
        "enabled": false,
        "backendId": "SyzW4vhUO",
        "modelId": "Connection",
        "event": "function beforeDelete (event){\n /* Add Your Logic Here\t\n\t//apis.utility.logger.debug();\n\t*/\n}",
        "eventName": "beforeDelete",
        "_v": 1
    },
    {
        "_id": "SkTGIWEDhUd",
        "_deleted": false,
        "_createdAt": "2021-04-20T14:23:57.573Z",
        "_modifiedAt": "2021-04-20T14:23:57.573Z",
        "_lv": 0,
        "deploymentVersion": 1,
        "enabled": false,
        "backendId": "SyzW4vhUO",
        "modelId": "Connection",
        "event": "function beforeRead (event){\n /* Add Your Logic Here\t\n\t//apis.utility.logger.debug();\n\t*/\n}",
        "eventName": "beforeRead",
        "_v": 1
    },
    {
        "_id": "B16-IW4P2L_",
        "_deleted": false,
        "_createdAt": "2021-04-20T14:23:57.565Z",
        "_modifiedAt": "2021-04-20T14:23:57.565Z",
        "_lv": 0,
        "deploymentVersion": 1,
        "enabled": false,
        "backendId": "SyzW4vhUO",
        "modelId": "Connection",
        "event": "function beforeSave (event){\n /* Add Your Logic Here\t\n\t//apis.utility.logger.debug();\n\t*/\n}",
        "eventName": "beforeSave",
        "_v": 1
    },
    {
        "_id": "Bk68WEv3Iu",
        "_deleted": false,
        "_createdAt": "2021-04-20T14:23:57.529Z",
        "_modifiedAt": "2021-04-20T14:23:57.529Z",
        "_lv": 0,
        "deploymentVersion": 1,
        "enabled": false,
        "backendId": "SyzW4vhUO",
        "modelId": "Organization",
        "event": "function afterDelete (event){\n /* Add Your Logic Here\t\n\t//apis.utility.logger.debug();\n\t*/\n}",
        "eventName": "afterDelete",
        "_v": 1
    },
    {
        "_id": "SkKlIZ4whLO",
        "_deleted": false,
        "_createdAt": "2021-04-20T14:23:57.537Z",
        "_modifiedAt": "2021-04-20T14:23:57.537Z",
        "_lv": 0,
        "deploymentVersion": 1,
        "enabled": false,
        "backendId": "SyzW4vhUO",
        "modelId": "Organization",
        "event": "function afterRead (event){\n /* Add Your Logic Here\t\n\t//apis.utility.logger.debug();\n\t*/\n}",
        "eventName": "afterRead",
        "_v": 1
    },
    {
        "_id": "H1L8-EwnLu",
        "_deleted": false,
        "_createdAt": "2021-04-20T14:23:57.525Z",
        "_modifiedAt": "2021-04-20T14:23:57.525Z",
        "_lv": 0,
        "deploymentVersion": 1,
        "enabled": false,
        "backendId": "SyzW4vhUO",
        "modelId": "Organization",
        "event": "function afterSave (event){\n /* Add Your Logic Here\t\n\t//apis.utility.logger.debug();\n\t*/\n}",
        "eventName": "afterSave",
        "_v": 1
    },
    {
        "_id": "H1MgUb4PhUO",
        "_deleted": false,
        "_createdAt": "2021-04-20T14:23:57.533Z",
        "_modifiedAt": "2021-04-20T14:23:57.533Z",
        "_lv": 0,
        "deploymentVersion": 1,
        "enabled": false,
        "backendId": "SyzW4vhUO",
        "modelId": "Organization",
        "event": "function beforeDelete (event){\n /* Add Your Logic Here\t\n\t//apis.utility.logger.debug();\n\t*/\n}",
        "eventName": "beforeDelete",
        "_v": 1
    },
    {
        "_id": "SkbU-VDhId",
        "_deleted": false,
        "_createdAt": "2021-04-20T14:23:57.522Z",
        "_modifiedAt": "2021-04-20T14:23:57.522Z",
        "_lv": 0,
        "deploymentVersion": 1,
        "enabled": false,
        "backendId": "SyzW4vhUO",
        "modelId": "Organization",
        "event": "function beforeRead (event){\n /* Add Your Logic Here\t\n\t//apis.utility.logger.debug();\n\t*/\n}",
        "eventName": "beforeRead",
        "_v": 1
    },
    {
        "_id": "H1_xLbEv2I_",
        "_deleted": false,
        "_createdAt": "2021-04-20T14:23:57.537Z",
        "_modifiedAt": "2021-04-20T14:23:57.537Z",
        "_lv": 0,
        "deploymentVersion": 1,
        "enabled": false,
        "backendId": "SyzW4vhUO",
        "modelId": "Organization",
        "event": "function beforeSave (event){\n /* Add Your Logic Here\t\n\t//apis.utility.logger.debug();\n\t*/\n}",
        "eventName": "beforeSave",
        "_v": 1
    },
    {
        "_id": "rkixL-ND28O",
        "_deleted": false,
        "_createdAt": "2021-04-20T14:23:57.539Z",
        "_modifiedAt": "2021-04-20T14:23:57.539Z",
        "_lv": 0,
        "deploymentVersion": 1,
        "enabled": false,
        "backendId": "SyzW4vhUO",
        "modelId": "OrganizationDomain",
        "event": "function afterDelete (event){\n /* Add Your Logic Here\t\n\t//apis.utility.logger.debug();\n\t*/\n}",
        "eventName": "afterDelete",
        "_v": 1
    },
    {
        "_id": "H1BeLb4D3IO",
        "_deleted": false,
        "_createdAt": "2021-04-20T14:23:57.535Z",
        "_modifiedAt": "2021-04-20T14:23:57.535Z",
        "_lv": 0,
        "deploymentVersion": 1,
        "enabled": false,
        "backendId": "SyzW4vhUO",
        "modelId": "OrganizationDomain",
        "event": "function afterRead (event){\n /* Add Your Logic Here\t\n\t//apis.utility.logger.debug();\n\t*/\n}",
        "eventName": "afterRead",
        "_v": 1
    },
    {
        "_id": "rykxIbND3LO",
        "_deleted": false,
        "_createdAt": "2021-04-20T14:23:57.531Z",
        "_modifiedAt": "2021-04-20T14:23:57.531Z",
        "_lv": 0,
        "deploymentVersion": 1,
        "enabled": false,
        "backendId": "SyzW4vhUO",
        "modelId": "OrganizationDomain",
        "event": "function afterSave (event){\n /* Add Your Logic Here\t\n\t//apis.utility.logger.debug();\n\t*/\n}",
        "eventName": "afterSave",
        "_v": 1
    },
    {
        "_id": "HyXIWNDnI_",
        "_deleted": false,
        "_createdAt": "2021-04-20T14:23:57.523Z",
        "_modifiedAt": "2021-04-20T14:23:57.523Z",
        "_lv": 0,
        "deploymentVersion": 1,
        "enabled": false,
        "backendId": "SyzW4vhUO",
        "modelId": "OrganizationDomain",
        "event": "function beforeDelete (event){\n /* Add Your Logic Here\t\n\t//apis.utility.logger.debug();\n\t*/\n}",
        "eventName": "beforeDelete",
        "_v": 1
    },
    {
        "_id": "HkYL-NwhU_",
        "_deleted": false,
        "_createdAt": "2021-04-20T14:23:57.527Z",
        "_modifiedAt": "2021-04-20T14:23:57.527Z",
        "_lv": 0,
        "deploymentVersion": 1,
        "enabled": false,
        "backendId": "SyzW4vhUO",
        "modelId": "OrganizationDomain",
        "event": "function beforeRead (event){\n /* Add Your Logic Here\t\n\t//apis.utility.logger.debug();\n\t*/\n}",
        "eventName": "beforeRead",
        "_v": 1
    },
    {
        "_id": "Bk4gI-VDn8O",
        "_deleted": false,
        "_createdAt": "2021-04-20T14:23:57.534Z",
        "_modifiedAt": "2021-04-20T14:23:57.534Z",
        "_lv": 0,
        "deploymentVersion": 1,
        "enabled": false,
        "backendId": "SyzW4vhUO",
        "modelId": "OrganizationDomain",
        "event": "function beforeSave (event){\n /* Add Your Logic Here\t\n\t//apis.utility.logger.debug();\n\t*/\n}",
        "eventName": "beforeSave",
        "_v": 1
    },
    {
        "_id": "r14fLbNP3Lu",
        "_deleted": false,
        "_createdAt": "2021-04-20T14:23:57.569Z",
        "_modifiedAt": "2021-04-20T14:23:57.569Z",
        "_lv": 0,
        "deploymentVersion": 1,
        "enabled": false,
        "backendId": "SyzW4vhUO",
        "modelId": "Rule",
        "event": "function afterDelete (event){\n /* Add Your Logic Here\t\n\t//apis.utility.logger.debug();\n\t*/\n}",
        "eventName": "afterDelete",
        "_v": 1
    },
    {
        "_id": "ByhzLZNP28_",
        "_deleted": false,
        "_createdAt": "2021-04-20T14:23:57.573Z",
        "_modifiedAt": "2021-04-20T14:23:57.573Z",
        "_lv": 0,
        "deploymentVersion": 1,
        "enabled": false,
        "backendId": "SyzW4vhUO",
        "modelId": "Rule",
        "event": "function afterRead (event){\n /* Add Your Logic Here\t\n\t//apis.utility.logger.debug();\n\t*/\n}",
        "eventName": "afterRead",
        "_v": 1
    },
    {
        "_id": "ByhZ8-4v2L_",
        "_deleted": false,
        "_createdAt": "2021-04-20T14:23:57.564Z",
        "_modifiedAt": "2021-04-20T14:23:57.564Z",
        "_lv": 0,
        "deploymentVersion": 1,
        "enabled": false,
        "backendId": "SyzW4vhUO",
        "modelId": "Rule",
        "event": "function afterSave (event){\n /* Add Your Logic Here\t\n\t//apis.utility.logger.debug();\n\t*/\n}",
        "eventName": "afterSave",
        "_v": 1
    },
    {
        "_id": "BJHW8Z4D38O",
        "_deleted": false,
        "_createdAt": "2021-04-20T14:23:57.562Z",
        "_modifiedAt": "2021-04-20T14:23:57.562Z",
        "_lv": 0,
        "deploymentVersion": 1,
        "enabled": false,
        "backendId": "SyzW4vhUO",
        "modelId": "Rule",
        "event": "function beforeDelete (event){\n /* Add Your Logic Here\t\n\t//apis.utility.logger.debug();\n\t*/\n}",
        "eventName": "beforeDelete",
        "_v": 1
    },
    {
        "_id": "BkybU-4vnUu",
        "_deleted": false,
        "_createdAt": "2021-04-20T14:23:57.559Z",
        "_modifiedAt": "2021-04-20T14:23:57.559Z",
        "_lv": 0,
        "deploymentVersion": 1,
        "enabled": false,
        "backendId": "SyzW4vhUO",
        "modelId": "Rule",
        "event": "function beforeRead (event){\n /* Add Your Logic Here\t\n\t//apis.utility.logger.debug();\n\t*/\n}",
        "eventName": "beforeRead",
        "_v": 1
    },
    {
        "_id": "B1sMLbND2L_",
        "_deleted": false,
        "_createdAt": "2021-04-20T14:23:57.572Z",
        "_modifiedAt": "2021-04-20T14:23:57.572Z",
        "_lv": 0,
        "deploymentVersion": 1,
        "enabled": false,
        "backendId": "SyzW4vhUO",
        "modelId": "Rule",
        "event": "function beforeSave (event){\n /* Add Your Logic Here\t\n\t//apis.utility.logger.debug();\n\t*/\n}",
        "eventName": "beforeSave",
        "_v": 1
    },
    {
        "_id": "rJWeUZEPnL_",
        "_deleted": false,
        "_createdAt": "2021-04-20T14:23:57.532Z",
        "_modifiedAt": "2021-04-20T14:23:57.532Z",
        "_lv": 0,
        "deploymentVersion": 1,
        "enabled": false,
        "backendId": "SyzW4vhUO",
        "modelId": "User",
        "event": "function afterDelete (event){\n /* Add Your Logic Here\t\n\t//apis.utility.logger.debug();\n\t*/\n}",
        "eventName": "afterDelete",
        "_v": 1
    },
    {
        "_id": "BJeI-4wnIu",
        "_deleted": false,
        "_createdAt": "2021-04-20T14:23:57.521Z",
        "_modifiedAt": "2021-04-20T14:23:57.521Z",
        "_lv": 0,
        "deploymentVersion": 1,
        "enabled": false,
        "backendId": "SyzW4vhUO",
        "modelId": "User",
        "event": "function afterRead (event){\n /* Add Your Logic Here\t\n\t//apis.utility.logger.debug();\n\t*/\n}",
        "eventName": "afterRead",
        "_v": 1
    },
    {
        "_id": "HyweIZNvnUd",
        "_deleted": false,
        "_createdAt": "2021-04-20T14:23:57.536Z",
        "_modifiedAt": "2021-04-20T14:23:57.536Z",
        "_lv": 0,
        "deploymentVersion": 1,
        "enabled": false,
        "backendId": "SyzW4vhUO",
        "modelId": "User",
        "event": "function afterSave (event){\n /* Add Your Logic Here\t\n\t//apis.utility.logger.debug();\n\t*/\n}",
        "eventName": "afterSave",
        "_v": 1
    },
    {
        "_id": "HJr8WNvhL_",
        "_deleted": false,
        "_createdAt": "2021-04-20T14:23:57.524Z",
        "_modifiedAt": "2021-04-20T14:23:57.524Z",
        "_lv": 0,
        "deploymentVersion": 1,
        "enabled": false,
        "backendId": "SyzW4vhUO",
        "modelId": "User",
        "event": "function beforeDelete (event){\n /* Add Your Logic Here\t\n\t//apis.utility.logger.debug();\n\t*/\n}",
        "eventName": "beforeDelete",
        "_v": 1
    },
    {
        "_id": "HJnLZNw28u",
        "_deleted": false,
        "_createdAt": "2021-04-20T14:23:57.529Z",
        "_modifiedAt": "2021-04-20T14:23:57.529Z",
        "_lv": 0,
        "deploymentVersion": 1,
        "enabled": false,
        "backendId": "SyzW4vhUO",
        "modelId": "User",
        "event": "function beforeRead (event){\n /* Add Your Logic Here\t\n\t//apis.utility.logger.debug();\n\t*/\n}",
        "eventName": "beforeRead",
        "_v": 1
    },
    {
        "_id": "r18WEPn8O",
        "_deleted": false,
        "_createdAt": "2021-04-20T14:23:57.520Z",
        "_modifiedAt": "2021-04-20T14:23:57.520Z",
        "_lv": 0,
        "deploymentVersion": 1,
        "enabled": false,
        "backendId": "SyzW4vhUO",
        "modelId": "User",
        "event": "function beforeSave (event){\n /* Add Your Logic Here\t\n\t//apis.utility.logger.debug();\n\t*/\n}",
        "eventName": "beforeSave",
        "_v": 1
    },
    {
        "_id": "HJ5ZUWVv2IO",
        "_deleted": false,
        "_createdAt": "2021-04-20T14:23:57.564Z",
        "_modifiedAt": "2021-04-20T14:23:57.564Z",
        "_lv": 0,
        "deploymentVersion": 1,
        "enabled": false,
        "backendId": "SyzW4vhUO",
        "modelId": "Workflow",
        "event": "function afterDelete (event){\n /* Add Your Logic Here\t\n\t//apis.utility.logger.debug();\n\t*/\n}",
        "eventName": "afterDelete",
        "_v": 1
    },
    {
        "_id": "ByMMI-EP3Ld",
        "_deleted": false,
        "_createdAt": "2021-04-20T14:23:57.569Z",
        "_modifiedAt": "2021-04-20T14:23:57.569Z",
        "_lv": 0,
        "deploymentVersion": 1,
        "enabled": false,
        "backendId": "SyzW4vhUO",
        "modelId": "Workflow",
        "event": "function afterRead (event){\n /* Add Your Logic Here\t\n\t//apis.utility.logger.debug();\n\t*/\n}",
        "eventName": "afterRead",
        "_v": 1
    },
    {
        "_id": "SJ3g8W4whLu",
        "_deleted": false,
        "_createdAt": "2021-04-20T14:23:57.557Z",
        "_modifiedAt": "2021-04-20T14:23:57.557Z",
        "_lv": 0,
        "deploymentVersion": 1,
        "enabled": false,
        "backendId": "SyzW4vhUO",
        "modelId": "Workflow",
        "event": "function afterSave (event){\n /* Add Your Logic Here\t\n\t//apis.utility.logger.debug();\n\t*/\n}",
        "eventName": "afterSave",
        "_v": 1
    },
    {
        "_id": "B1FGI-4v2I_",
        "_deleted": false,
        "_createdAt": "2021-04-20T14:23:57.571Z",
        "_modifiedAt": "2021-04-20T14:23:57.571Z",
        "_lv": 0,
        "deploymentVersion": 1,
        "enabled": false,
        "backendId": "SyzW4vhUO",
        "modelId": "Workflow",
        "event": "function beforeDelete (event){\n /* Add Your Logic Here\t\n\t//apis.utility.logger.debug();\n\t*/\n}",
        "eventName": "beforeDelete",
        "_v": 1
    },
    {
        "_id": "SJ7-I-NP3Lu",
        "_deleted": false,
        "_createdAt": "2021-04-20T14:23:57.561Z",
        "_modifiedAt": "2021-04-20T14:23:57.561Z",
        "_lv": 0,
        "deploymentVersion": 1,
        "enabled": false,
        "backendId": "SyzW4vhUO",
        "modelId": "Workflow",
        "event": "function beforeRead (event){\n /* Add Your Logic Here\t\n\t//apis.utility.logger.debug();\n\t*/\n}",
        "eventName": "beforeRead",
        "_v": 1
    },
    {
        "_id": "BJZG8-EDnLO",
        "_deleted": false,
        "_createdAt": "2021-04-20T14:23:57.568Z",
        "_modifiedAt": "2021-04-20T14:23:57.568Z",
        "_lv": 0,
        "deploymentVersion": 1,
        "enabled": false,
        "backendId": "SyzW4vhUO",
        "modelId": "Workflow",
        "event": "function beforeSave (event){\n /* Add Your Logic Here\t\n\t//apis.utility.logger.debug();\n\t*/\n}",
        "eventName": "beforeSave",
        "_v": 1
    },
    {
        "_id": "SkVDDYD28_",
        "_deleted": false,
        "_createdAt": "2021-04-20T14:46:55.370Z",
        "_modifiedAt": "2021-04-20T14:46:55.370Z",
        "_lv": 0,
        "deploymentVersion": 2,
        "enabled": false,
        "backendId": "SyzW4vhUO",
        "modelId": "employee",
        "event": "function afterDelete (event){\n /* Add Your Logic Here\t\n\t//apis.utility.logger.debug();\n\t*/\n}",
        "eventName": "afterDelete",
        "_v": 1
    },
    {
        "_id": "HyLPPKP28d",
        "_deleted": false,
        "_createdAt": "2021-04-20T14:46:55.371Z",
        "_modifiedAt": "2021-04-20T14:46:55.371Z",
        "_lv": 0,
        "deploymentVersion": 2,
        "enabled": false,
        "backendId": "SyzW4vhUO",
        "modelId": "employee",
        "event": "function afterRead (event){\n /* Add Your Logic Here\t\n\t//apis.utility.logger.debug();\n\t*/\n}",
        "eventName": "afterRead",
        "_v": 1
    },
    {
        "_id": "rJfDwtvh8d",
        "_deleted": false,
        "_createdAt": "2021-04-20T14:46:55.366Z",
        "_modifiedAt": "2021-04-20T14:46:55.366Z",
        "_lv": 0,
        "deploymentVersion": 2,
        "enabled": false,
        "backendId": "SyzW4vhUO",
        "modelId": "employee",
        "event": "function afterSave (event){\n /* Add Your Logic Here\t\n\t//apis.utility.logger.debug();\n\t*/\n}",
        "eventName": "afterSave",
        "_v": 1
    },
    {
        "_id": "S1QDPKwnLd",
        "_deleted": false,
        "_createdAt": "2021-04-20T14:46:55.366Z",
        "_modifiedAt": "2021-04-20T14:46:55.366Z",
        "_lv": 0,
        "deploymentVersion": 2,
        "enabled": false,
        "backendId": "SyzW4vhUO",
        "modelId": "employee",
        "event": "function beforeDelete (event){\n /* Add Your Logic Here\t\n\t//apis.utility.logger.debug();\n\t*/\n}",
        "eventName": "beforeDelete",
        "_v": 1
    },
    {
        "_id": "HJ-vDFwnLd",
        "_deleted": false,
        "_createdAt": "2021-04-20T14:46:55.363Z",
        "_modifiedAt": "2021-04-20T14:46:55.363Z",
        "_lv": 0,
        "deploymentVersion": 2,
        "enabled": false,
        "backendId": "SyzW4vhUO",
        "modelId": "employee",
        "event": "function beforeRead (event){\n /* Add Your Logic Here\t\n\t//apis.utility.logger.debug();\n\t*/\n}",
        "eventName": "beforeRead",
        "_v": 1
    },
    {
        "_id": "rJSPwYDhU_",
        "_deleted": false,
        "_createdAt": "2021-04-20T14:46:55.371Z",
        "_modifiedAt": "2021-04-20T14:46:55.371Z",
        "_lv": 0,
        "deploymentVersion": 2,
        "enabled": false,
        "backendId": "SyzW4vhUO",
        "modelId": "employee",
        "event": "function beforeSave (event){\n /* Add Your Logic Here\t\n\t//apis.utility.logger.debug();\n\t*/\n}",
        "eventName": "beforeSave",
        "_v": 1
    },
    {
        "_id": "HkMIWEv28_",
        "_deleted": false,
        "_createdAt": "2021-04-20T14:23:57.522Z",
        "_modifiedAt": "2021-04-20T14:23:57.522Z",
        "_lv": 0,
        "deploymentVersion": 1,
        "enabled": false,
        "backendId": "SyzW4vhUO",
        "modelId": "jobDetail",
        "event": "function afterDelete (event){\n /* Add Your Logic Here\t\n\t//apis.utility.logger.debug();\n\t*/\n}",
        "eventName": "afterDelete",
        "_v": 1
    },
    {
        "_id": "Hy_LbVDh8d",
        "_deleted": false,
        "_createdAt": "2021-04-20T14:23:57.526Z",
        "_modifiedAt": "2021-04-20T14:23:57.526Z",
        "_lv": 0,
        "deploymentVersion": 1,
        "enabled": false,
        "backendId": "SyzW4vhUO",
        "modelId": "jobDetail",
        "event": "function afterRead (event){\n /* Add Your Logic Here\t\n\t//apis.utility.logger.debug();\n\t*/\n}",
        "eventName": "afterRead",
        "_v": 1
    },
    {
        "_id": "BkQgL-NwnLd",
        "_deleted": false,
        "_createdAt": "2021-04-20T14:23:57.533Z",
        "_modifiedAt": "2021-04-20T14:23:57.533Z",
        "_lv": 0,
        "deploymentVersion": 1,
        "enabled": false,
        "backendId": "SyzW4vhUO",
        "modelId": "jobDetail",
        "event": "function afterSave (event){\n /* Add Your Logic Here\t\n\t//apis.utility.logger.debug();\n\t*/\n}",
        "eventName": "afterSave",
        "_v": 1
    },
    {
        "_id": "B1AIW4v3I_",
        "_deleted": false,
        "_createdAt": "2021-04-20T14:23:57.530Z",
        "_modifiedAt": "2021-04-20T14:23:57.530Z",
        "_lv": 0,
        "deploymentVersion": 1,
        "enabled": false,
        "backendId": "SyzW4vhUO",
        "modelId": "jobDetail",
        "event": "function beforeDelete (event){\n /* Add Your Logic Here\t\n\t//apis.utility.logger.debug();\n\t*/\n}",
        "eventName": "beforeDelete",
        "_v": 1
    },
    {
        "_id": "Hy9lIWEwhLu",
        "_deleted": false,
        "_createdAt": "2021-04-20T14:23:57.538Z",
        "_modifiedAt": "2021-04-20T14:23:57.538Z",
        "_lv": 0,
        "deploymentVersion": 1,
        "enabled": false,
        "backendId": "SyzW4vhUO",
        "modelId": "jobDetail",
        "event": "function beforeRead (event){\n /* Add Your Logic Here\t\n\t//apis.utility.logger.debug();\n\t*/\n}",
        "eventName": "beforeRead",
        "_v": 1
    },
    {
        "_id": "SyPUWVwn8O",
        "_deleted": false,
        "_createdAt": "2021-04-20T14:23:57.526Z",
        "_modifiedAt": "2021-04-20T14:23:57.526Z",
        "_lv": 0,
        "deploymentVersion": 1,
        "enabled": false,
        "backendId": "SyzW4vhUO",
        "modelId": "jobDetail",
        "event": "function beforeSave (event){\n /* Add Your Logic Here\t\n\t//apis.utility.logger.debug();\n\t*/\n}",
        "eventName": "beforeSave",
        "_v": 1
    },
    {
        "_id": "SJlzIW4w3Ld",
        "_deleted": false,
        "_createdAt": "2021-04-20T14:23:57.568Z",
        "_modifiedAt": "2021-04-20T14:23:57.568Z",
        "_lv": 0,
        "deploymentVersion": 1,
        "enabled": false,
        "backendId": "SyzW4vhUO",
        "modelId": "mapping",
        "event": "function afterDelete (event){\n /* Add Your Logic Here\t\n\t//apis.utility.logger.debug();\n\t*/\n}",
        "eventName": "afterDelete",
        "_v": 1
    },
    {
        "_id": "Hy_GI-4Dn8d",
        "_deleted": false,
        "_createdAt": "2021-04-20T14:23:57.571Z",
        "_modifiedAt": "2021-04-20T14:23:57.571Z",
        "_lv": 0,
        "deploymentVersion": 1,
        "enabled": false,
        "backendId": "SyzW4vhUO",
        "modelId": "mapping",
        "event": "function afterRead (event){\n /* Add Your Logic Here\t\n\t//apis.utility.logger.debug();\n\t*/\n}",
        "eventName": "afterRead",
        "_v": 1
    },
    {
        "_id": "ByfbIZVD3Ld",
        "_deleted": false,
        "_createdAt": "2021-04-20T14:23:57.560Z",
        "_modifiedAt": "2021-04-20T14:23:57.560Z",
        "_lv": 0,
        "deploymentVersion": 1,
        "enabled": false,
        "backendId": "SyzW4vhUO",
        "modelId": "mapping",
        "event": "function afterSave (event){\n /* Add Your Logic Here\t\n\t//apis.utility.logger.debug();\n\t*/\n}",
        "eventName": "afterSave",
        "_v": 1
    },
    {
        "_id": "BJyQUWEwnLu",
        "_deleted": false,
        "_createdAt": "2021-04-20T14:23:57.574Z",
        "_modifiedAt": "2021-04-20T14:23:57.574Z",
        "_lv": 0,
        "deploymentVersion": 1,
        "enabled": false,
        "backendId": "SyzW4vhUO",
        "modelId": "mapping",
        "event": "function beforeDelete (event){\n /* Add Your Logic Here\t\n\t//apis.utility.logger.debug();\n\t*/\n}",
        "eventName": "beforeDelete",
        "_v": 1
    },
    {
        "_id": "SytWLZNv3Id",
        "_deleted": false,
        "_createdAt": "2021-04-20T14:23:57.563Z",
        "_modifiedAt": "2021-04-20T14:23:57.563Z",
        "_lv": 0,
        "deploymentVersion": 1,
        "enabled": false,
        "backendId": "SyzW4vhUO",
        "modelId": "mapping",
        "event": "function beforeRead (event){\n /* Add Your Logic Here\t\n\t//apis.utility.logger.debug();\n\t*/\n}",
        "eventName": "beforeRead",
        "_v": 1
    },
    {
        "_id": "BJPGLZEP2Ud",
        "_deleted": false,
        "_createdAt": "2021-04-20T14:23:57.570Z",
        "_modifiedAt": "2021-04-20T14:23:57.570Z",
        "_lv": 0,
        "deploymentVersion": 1,
        "enabled": false,
        "backendId": "SyzW4vhUO",
        "modelId": "mapping",
        "event": "function beforeSave (event){\n /* Add Your Logic Here\t\n\t//apis.utility.logger.debug();\n\t*/\n}",
        "eventName": "beforeSave",
        "_v": 1
    },
    {
        "_id": "BJCM8bNwhUu",
        "_deleted": false,
        "_createdAt": "2021-04-20T14:23:57.573Z",
        "_modifiedAt": "2021-04-20T14:23:57.573Z",
        "_lv": 0,
        "deploymentVersion": 1,
        "enabled": false,
        "backendId": "SyzW4vhUO",
        "modelId": "s3ObjectRoleMapping",
        "event": "function afterDelete (event){\n /* Add Your Logic Here\t\n\t//apis.utility.logger.debug();\n\t*/\n}",
        "eventName": "afterDelete",
        "_v": 1
    },
    {
        "_id": "Bkd-IZNP2LO",
        "_deleted": false,
        "_createdAt": "2021-04-20T14:23:57.563Z",
        "_modifiedAt": "2021-04-20T14:23:57.563Z",
        "_lv": 0,
        "deploymentVersion": 1,
        "enabled": false,
        "backendId": "SyzW4vhUO",
        "modelId": "s3ObjectRoleMapping",
        "event": "function afterRead (event){\n /* Add Your Logic Here\t\n\t//apis.utility.logger.debug();\n\t*/\n}",
        "eventName": "afterRead",
        "_v": 1
    },
    {
        "_id": "SJ8z8ZNwhUu",
        "_deleted": false,
        "_createdAt": "2021-04-20T14:23:57.570Z",
        "_modifiedAt": "2021-04-20T14:23:57.570Z",
        "_lv": 0,
        "deploymentVersion": 1,
        "enabled": false,
        "backendId": "SyzW4vhUO",
        "modelId": "s3ObjectRoleMapping",
        "event": "function afterSave (event){\n /* Add Your Logic Here\t\n\t//apis.utility.logger.debug();\n\t*/\n}",
        "eventName": "afterSave",
        "_v": 1
    },
    {
        "_id": "rkZZLZVD28u",
        "_deleted": false,
        "_createdAt": "2021-04-20T14:23:57.560Z",
        "_modifiedAt": "2021-04-20T14:23:57.560Z",
        "_lv": 0,
        "deploymentVersion": 1,
        "enabled": false,
        "backendId": "SyzW4vhUO",
        "modelId": "s3ObjectRoleMapping",
        "event": "function beforeDelete (event){\n /* Add Your Logic Here\t\n\t//apis.utility.logger.debug();\n\t*/\n}",
        "eventName": "beforeDelete",
        "_v": 1
    },
    {
        "_id": "HyyfIZEwnUd",
        "_deleted": false,
        "_createdAt": "2021-04-20T14:23:57.567Z",
        "_modifiedAt": "2021-04-20T14:23:57.567Z",
        "_lv": 0,
        "deploymentVersion": 1,
        "enabled": false,
        "backendId": "SyzW4vhUO",
        "modelId": "s3ObjectRoleMapping",
        "event": "function beforeRead (event){\n /* Add Your Logic Here\t\n\t//apis.utility.logger.debug();\n\t*/\n}",
        "eventName": "beforeRead",
        "_v": 1
    },
    {
        "_id": "SJvWLb4wnUO",
        "_deleted": false,
        "_createdAt": "2021-04-20T14:23:57.563Z",
        "_modifiedAt": "2021-04-20T14:23:57.563Z",
        "_lv": 0,
        "deploymentVersion": 1,
        "enabled": false,
        "backendId": "SyzW4vhUO",
        "modelId": "s3ObjectRoleMapping",
        "event": "function beforeSave (event){\n /* Add Your Logic Here\t\n\t//apis.utility.logger.debug();\n\t*/\n}",
        "eventName": "beforeSave",
        "_v": 1
    },
    {
        "_id": "HyNh0hkKdu",
        "_deleted": false,
        "_createdAt": "2021-05-12T05:51:16.000Z",
        "_modifiedAt": "2021-05-12T05:51:16.000Z",
        "_lv": 0,
        "deploymentVersion": 3,
        "enabled": false,
        "backendId": "SyzW4vhUO",
        "modelId": "shree",
        "event": "function afterDelete (event){\n /* Add Your Logic Here\t\n\t//apis.utility.logger.debug();\n\t*/\n}",
        "eventName": "afterDelete",
        "_v": 1
    },
    {
        "_id": "r1B3A2JKdO",
        "_deleted": false,
        "_createdAt": "2021-05-12T05:51:16.001Z",
        "_modifiedAt": "2021-05-12T05:51:16.001Z",
        "_lv": 0,
        "deploymentVersion": 3,
        "enabled": false,
        "backendId": "SyzW4vhUO",
        "modelId": "shree",
        "event": "function afterRead (event){\n /* Add Your Logic Here\t\n\t//apis.utility.logger.debug();\n\t*/\n}",
        "eventName": "afterRead",
        "_v": 1
    },
    {
        "_id": "rkM20nkFud",
        "_deleted": false,
        "_createdAt": "2021-05-12T05:51:15.999Z",
        "_modifiedAt": "2021-05-12T05:51:15.999Z",
        "_lv": 0,
        "deploymentVersion": 3,
        "enabled": false,
        "backendId": "SyzW4vhUO",
        "modelId": "shree",
        "event": "function afterSave (event){\n /* Add Your Logic Here\t\n\t//apis.utility.logger.debug();\n\t*/\n}",
        "eventName": "afterSave",
        "_v": 1
    },
    {
        "_id": "rJg3An1FOO",
        "_deleted": false,
        "_createdAt": "2021-05-12T05:51:15.986Z",
        "_modifiedAt": "2021-05-12T05:51:15.986Z",
        "_lv": 0,
        "deploymentVersion": 3,
        "enabled": false,
        "backendId": "SyzW4vhUO",
        "modelId": "shree",
        "event": "function beforeDelete (event){\n /* Add Your Logic Here\t\n\t//apis.utility.logger.debug();\n\t*/\n}",
        "eventName": "beforeDelete",
        "_v": 1
    },
    {
        "_id": "S1Qh02yY__",
        "_deleted": false,
        "_createdAt": "2021-05-12T05:51:16.000Z",
        "_modifiedAt": "2021-05-12T05:51:16.000Z",
        "_lv": 0,
        "deploymentVersion": 3,
        "enabled": false,
        "backendId": "SyzW4vhUO",
        "modelId": "shree",
        "event": "function beforeRead (event){\n /* Add Your Logic Here\t\n\t//apis.utility.logger.debug();\n\t*/\n}",
        "eventName": "beforeRead",
        "_v": 1
    },
    {
        "_id": "HJZhCnyFO_",
        "_deleted": false,
        "_createdAt": "2021-05-12T05:51:15.997Z",
        "_modifiedAt": "2021-05-12T05:51:15.997Z",
        "_lv": 0,
        "deploymentVersion": 3,
        "enabled": false,
        "backendId": "SyzW4vhUO",
        "modelId": "shree",
        "event": "function beforeSave (event){\n /* Add Your Logic Here\t\n\t//apis.utility.logger.debug();\n\t*/\n}",
        "eventName": "beforeSave",
        "_v": 1
    }
]