[
    {
        "_id": "BkRgHlUlddu",
        "_deleted": false,
        "_createdAt": "2021-05-06T10:00:11.932Z",
        "_modifiedAt": "2021-05-06T10:00:11.932Z",
        "_lv": 1,
        "deploymentVersion": 1,
        "enabled": false,
        "backendId": "SyMfbiPuu",
        "modelId": "AccessKey",
        "event": "function afterDelete (event){\n /* Add Your Logic Here\t\n\t//apis.utility.logger.debug();\n\t*/\n}",
        "eventName": "afterDelete",
        "_v": 0
    },
    {
        "_id": "r1kZHgUxOOO",
        "_deleted": false,
        "_createdAt": "2021-05-06T10:00:11.867Z",
        "_modifiedAt": "2021-05-06T10:00:11.867Z",
        "_lv": 1,
        "deploymentVersion": 1,
        "enabled": false,
        "backendId": "SyMfbiPuu",
        "modelId": "AccessKey",
        "event": "function afterRead (event){\n /* Add Your Logic Here\t\n\t//apis.utility.logger.debug();\n\t*/\n}",
        "eventName": "afterRead",
        "_v": 0
    },
    {
        "_id": "rkxbHgLgOdu",
        "_deleted": false,
        "_createdAt": "2021-05-06T10:00:11.836Z",
        "_modifiedAt": "2021-05-06T10:00:11.836Z",
        "_lv": 1,
        "deploymentVersion": 1,
        "enabled": false,
        "backendId": "SyMfbiPuu",
        "modelId": "AccessKey",
        "event": "function afterSave (event){\n /* Add Your Logic Here\t\n\t//apis.utility.logger.debug();\n\t*/\n}",
        "eventName": "afterSave",
        "_v": 0
    },
    {
        "_id": "BJW-BgIl_O_",
        "_deleted": false,
        "_createdAt": "2021-05-06T10:00:11.915Z",
        "_modifiedAt": "2021-05-06T10:00:11.915Z",
        "_lv": 1,
        "deploymentVersion": 1,
        "enabled": false,
        "backendId": "SyMfbiPuu",
        "modelId": "AccessKey",
        "event": "function beforeDelete (event){\n /* Add Your Logic Here\t\n\t//apis.utility.logger.debug();\n\t*/\n}",
        "eventName": "beforeDelete",
        "_v": 0
    },
    {
        "_id": "rJGZSe8xOu_",
        "_deleted": false,
        "_createdAt": "2021-05-06T10:00:11.777Z",
        "_modifiedAt": "2021-05-06T10:00:11.777Z",
        "_lv": 1,
        "deploymentVersion": 1,
        "enabled": false,
        "backendId": "SyMfbiPuu",
        "modelId": "AccessKey",
        "event": "function beforeRead (event){\n /* Add Your Logic Here\t\n\t//apis.utility.logger.debug();\n\t*/\n}",
        "eventName": "beforeRead",
        "_v": 0
    },
    {
        "_id": "H1mZSlUg_dO",
        "_deleted": false,
        "_createdAt": "2021-05-06T10:00:11.822Z",
        "_modifiedAt": "2021-05-06T10:00:11.822Z",
        "_lv": 1,
        "deploymentVersion": 1,
        "enabled": false,
        "backendId": "SyMfbiPuu",
        "modelId": "AccessKey",
        "event": "function beforeSave (event){\n /* Add Your Logic Here\t\n\t//apis.utility.logger.debug();\n\t*/\n}",
        "eventName": "beforeSave",
        "_v": 0
    },
    {
        "_id": "ByN-rgLxOOO",
        "_deleted": false,
        "_createdAt": "2021-05-06T10:00:11.897Z",
        "_modifiedAt": "2021-05-06T10:00:11.897Z",
        "_lv": 1,
        "deploymentVersion": 1,
        "enabled": false,
        "backendId": "SyMfbiPuu",
        "modelId": "Attachment",
        "event": "function afterDelete (event){\n /* Add Your Logic Here\t\n\t//apis.utility.logger.debug();\n\t*/\n}",
        "eventName": "afterDelete",
        "_v": 0
    },
    {
        "_id": "B1S-BeLgddd",
        "_deleted": false,
        "_createdAt": "2021-05-06T10:00:11.935Z",
        "_modifiedAt": "2021-05-06T10:00:11.935Z",
        "_lv": 1,
        "deploymentVersion": 1,
        "enabled": false,
        "backendId": "SyMfbiPuu",
        "modelId": "Attachment",
        "event": "function afterRead (event){\n /* Add Your Logic Here\t\n\t//apis.utility.logger.debug();\n\t*/\n}",
        "eventName": "afterRead",
        "_v": 0
    },
    {
        "_id": "ByUWreIld__",
        "_deleted": false,
        "_createdAt": "2021-05-06T10:00:11.814Z",
        "_modifiedAt": "2021-05-06T10:00:11.814Z",
        "_lv": 1,
        "deploymentVersion": 1,
        "enabled": false,
        "backendId": "SyMfbiPuu",
        "modelId": "Attachment",
        "event": "function afterSave (event){\n /* Add Your Logic Here\t\n\t//apis.utility.logger.debug();\n\t*/\n}",
        "eventName": "afterSave",
        "_v": 0
    },
    {
        "_id": "B1PZBxIxd_d",
        "_deleted": false,
        "_createdAt": "2021-05-06T10:00:11.887Z",
        "_modifiedAt": "2021-05-06T10:00:11.887Z",
        "_lv": 1,
        "deploymentVersion": 1,
        "enabled": false,
        "backendId": "SyMfbiPuu",
        "modelId": "Attachment",
        "event": "function beforeDelete (event){\n /* Add Your Logic Here\t\n\t//apis.utility.logger.debug();\n\t*/\n}",
        "eventName": "beforeDelete",
        "_v": 0
    },
    {
        "_id": "rydbBxUx_dO",
        "_deleted": false,
        "_createdAt": "2021-05-06T10:00:11.924Z",
        "_modifiedAt": "2021-05-06T10:00:11.924Z",
        "_lv": 1,
        "deploymentVersion": 1,
        "enabled": false,
        "backendId": "SyMfbiPuu",
        "modelId": "Attachment",
        "event": "function beforeRead (event){\n /* Add Your Logic Here\t\n\t//apis.utility.logger.debug();\n\t*/\n}",
        "eventName": "beforeRead",
        "_v": 0
    },
    {
        "_id": "HyYWSxIeddu",
        "_deleted": false,
        "_createdAt": "2021-05-06T10:00:11.934Z",
        "_modifiedAt": "2021-05-06T10:00:11.934Z",
        "_lv": 1,
        "deploymentVersion": 1,
        "enabled": false,
        "backendId": "SyMfbiPuu",
        "modelId": "Attachment",
        "event": "function beforeSave (event){\n /* Add Your Logic Here\t\n\t//apis.utility.logger.debug();\n\t*/\n}",
        "eventName": "beforeSave",
        "_v": 0
    },
    {
        "_id": "By9ZHxLxudO",
        "_deleted": false,
        "_createdAt": "2021-05-06T10:00:11.869Z",
        "_modifiedAt": "2021-05-06T10:00:11.869Z",
        "_lv": 1,
        "deploymentVersion": 1,
        "enabled": false,
        "backendId": "SyMfbiPuu",
        "modelId": "Connection",
        "event": "function afterDelete (event){\n /* Add Your Logic Here\t\n\t//apis.utility.logger.debug();\n\t*/\n}",
        "eventName": "afterDelete",
        "_v": 0
    },
    {
        "_id": "rJo-BeUxudd",
        "_deleted": false,
        "_createdAt": "2021-05-06T10:00:11.923Z",
        "_modifiedAt": "2021-05-06T10:00:11.923Z",
        "_lv": 1,
        "deploymentVersion": 1,
        "enabled": false,
        "backendId": "SyMfbiPuu",
        "modelId": "Connection",
        "event": "function afterRead (event){\n /* Add Your Logic Here\t\n\t//apis.utility.logger.debug();\n\t*/\n}",
        "eventName": "afterRead",
        "_v": 0
    },
    {
        "_id": "Sk3WrlUlOOu",
        "_deleted": false,
        "_createdAt": "2021-05-06T10:00:11.933Z",
        "_modifiedAt": "2021-05-06T10:00:11.933Z",
        "_lv": 1,
        "deploymentVersion": 1,
        "enabled": false,
        "backendId": "SyMfbiPuu",
        "modelId": "Connection",
        "event": "function afterSave (event){\n /* Add Your Logic Here\t\n\t//apis.utility.logger.debug();\n\t*/\n}",
        "eventName": "afterSave",
        "_v": 0
    },
    {
        "_id": "rk6WSx8eO_d",
        "_deleted": false,
        "_createdAt": "2021-05-06T10:00:11.813Z",
        "_modifiedAt": "2021-05-06T10:00:11.813Z",
        "_lv": 1,
        "deploymentVersion": 1,
        "enabled": false,
        "backendId": "SyMfbiPuu",
        "modelId": "Connection",
        "event": "function beforeDelete (event){\n /* Add Your Logic Here\t\n\t//apis.utility.logger.debug();\n\t*/\n}",
        "eventName": "beforeDelete",
        "_v": 0
    },
    {
        "_id": "SkAZBgLgudd",
        "_deleted": false,
        "_createdAt": "2021-05-06T10:00:11.896Z",
        "_modifiedAt": "2021-05-06T10:00:11.896Z",
        "_lv": 1,
        "deploymentVersion": 1,
        "enabled": false,
        "backendId": "SyMfbiPuu",
        "modelId": "Connection",
        "event": "function beforeRead (event){\n /* Add Your Logic Here\t\n\t//apis.utility.logger.debug();\n\t*/\n}",
        "eventName": "beforeRead",
        "_v": 0
    },
    {
        "_id": "rkyfHeLgd_O",
        "_deleted": false,
        "_createdAt": "2021-05-06T10:00:11.922Z",
        "_modifiedAt": "2021-05-06T10:00:11.922Z",
        "_lv": 1,
        "deploymentVersion": 1,
        "enabled": false,
        "backendId": "SyMfbiPuu",
        "modelId": "Connection",
        "event": "function beforeSave (event){\n /* Add Your Logic Here\t\n\t//apis.utility.logger.debug();\n\t*/\n}",
        "eventName": "beforeSave",
        "_v": 0
    },
    {
        "_id": "rygfHgIxudu",
        "_deleted": false,
        "_createdAt": "2021-05-06T10:00:11.822Z",
        "_modifiedAt": "2021-05-06T10:00:11.822Z",
        "_lv": 1,
        "deploymentVersion": 1,
        "enabled": false,
        "backendId": "SyMfbiPuu",
        "modelId": "Organization",
        "event": "function afterDelete (event){\n /* Add Your Logic Here\t\n\t//apis.utility.logger.debug();\n\t*/\n}",
        "eventName": "afterDelete",
        "_v": 0
    },
    {
        "_id": "r1WMHg8x_dd",
        "_deleted": false,
        "_createdAt": "2021-05-06T10:00:11.824Z",
        "_modifiedAt": "2021-05-06T10:00:11.824Z",
        "_lv": 1,
        "deploymentVersion": 1,
        "enabled": false,
        "backendId": "SyMfbiPuu",
        "modelId": "Organization",
        "event": "function afterRead (event){\n /* Add Your Logic Here\t\n\t//apis.utility.logger.debug();\n\t*/\n}",
        "eventName": "afterRead",
        "_v": 0
    },
    {
        "_id": "B1MzHxUgOO_",
        "_deleted": false,
        "_createdAt": "2021-05-06T10:00:11.823Z",
        "_modifiedAt": "2021-05-06T10:00:11.823Z",
        "_lv": 1,
        "deploymentVersion": 1,
        "enabled": false,
        "backendId": "SyMfbiPuu",
        "modelId": "Organization",
        "event": "function afterSave (event){\n /* Add Your Logic Here\t\n\t//apis.utility.logger.debug();\n\t*/\n}",
        "eventName": "afterSave",
        "_v": 0
    },
    {
        "_id": "ry7fHlLeudu",
        "_deleted": false,
        "_createdAt": "2021-05-06T10:00:11.833Z",
        "_modifiedAt": "2021-05-06T10:00:11.833Z",
        "_lv": 1,
        "deploymentVersion": 1,
        "enabled": false,
        "backendId": "SyMfbiPuu",
        "modelId": "Organization",
        "event": "function beforeDelete (event){\n /* Add Your Logic Here\t\n\t//apis.utility.logger.debug();\n\t*/\n}",
        "eventName": "beforeDelete",
        "_v": 0
    },
    {
        "_id": "SJVGHl8xdu_",
        "_deleted": false,
        "_createdAt": "2021-05-06T10:00:11.835Z",
        "_modifiedAt": "2021-05-06T10:00:11.835Z",
        "_lv": 1,
        "deploymentVersion": 1,
        "enabled": false,
        "backendId": "SyMfbiPuu",
        "modelId": "Organization",
        "event": "function beforeRead (event){\n /* Add Your Logic Here\t\n\t//apis.utility.logger.debug();\n\t*/\n}",
        "eventName": "beforeRead",
        "_v": 0
    },
    {
        "_id": "B1rMBgUe_u_",
        "_deleted": false,
        "_createdAt": "2021-05-06T10:00:11.834Z",
        "_modifiedAt": "2021-05-06T10:00:11.834Z",
        "_lv": 1,
        "deploymentVersion": 1,
        "enabled": false,
        "backendId": "SyMfbiPuu",
        "modelId": "Organization",
        "event": "function beforeSave (event){\n /* Add Your Logic Here\t\n\t//apis.utility.logger.debug();\n\t*/\n}",
        "eventName": "beforeSave",
        "_v": 0
    },
    {
        "_id": "BJUzHg8xO_O",
        "_deleted": false,
        "_createdAt": "2021-05-06T10:00:11.927Z",
        "_modifiedAt": "2021-05-06T10:00:11.927Z",
        "_lv": 1,
        "deploymentVersion": 1,
        "enabled": false,
        "backendId": "SyMfbiPuu",
        "modelId": "OrganizationDomain",
        "event": "function afterDelete (event){\n /* Add Your Logic Here\t\n\t//apis.utility.logger.debug();\n\t*/\n}",
        "eventName": "afterDelete",
        "_v": 0
    },
    {
        "_id": "B1PMrl8xduu",
        "_deleted": false,
        "_createdAt": "2021-05-06T10:00:11.864Z",
        "_modifiedAt": "2021-05-06T10:00:11.864Z",
        "_lv": 1,
        "deploymentVersion": 1,
        "enabled": false,
        "backendId": "SyMfbiPuu",
        "modelId": "OrganizationDomain",
        "event": "function afterRead (event){\n /* Add Your Logic Here\t\n\t//apis.utility.logger.debug();\n\t*/\n}",
        "eventName": "afterRead",
        "_v": 0
    },
    {
        "_id": "rJdMHgIxOOO",
        "_deleted": false,
        "_createdAt": "2021-05-06T10:00:11.889Z",
        "_modifiedAt": "2021-05-06T10:00:11.889Z",
        "_lv": 1,
        "deploymentVersion": 1,
        "enabled": false,
        "backendId": "SyMfbiPuu",
        "modelId": "OrganizationDomain",
        "event": "function afterSave (event){\n /* Add Your Logic Here\t\n\t//apis.utility.logger.debug();\n\t*/\n}",
        "eventName": "afterSave",
        "_v": 0
    },
    {
        "_id": "rkKGBg8xOO_",
        "_deleted": false,
        "_createdAt": "2021-05-06T10:00:11.905Z",
        "_modifiedAt": "2021-05-06T10:00:11.905Z",
        "_lv": 1,
        "deploymentVersion": 1,
        "enabled": false,
        "backendId": "SyMfbiPuu",
        "modelId": "OrganizationDomain",
        "event": "function beforeDelete (event){\n /* Add Your Logic Here\t\n\t//apis.utility.logger.debug();\n\t*/\n}",
        "eventName": "beforeDelete",
        "_v": 0
    },
    {
        "_id": "SycMreIlOd_",
        "_deleted": false,
        "_createdAt": "2021-05-06T10:00:11.937Z",
        "_modifiedAt": "2021-05-06T10:00:11.937Z",
        "_lv": 1,
        "deploymentVersion": 1,
        "enabled": false,
        "backendId": "SyMfbiPuu",
        "modelId": "OrganizationDomain",
        "event": "function beforeRead (event){\n /* Add Your Logic Here\t\n\t//apis.utility.logger.debug();\n\t*/\n}",
        "eventName": "beforeRead",
        "_v": 0
    },
    {
        "_id": "HkszBx8gOOd",
        "_deleted": false,
        "_createdAt": "2021-05-06T10:00:11.820Z",
        "_modifiedAt": "2021-05-06T10:00:11.820Z",
        "_lv": 1,
        "deploymentVersion": 1,
        "enabled": false,
        "backendId": "SyMfbiPuu",
        "modelId": "OrganizationDomain",
        "event": "function beforeSave (event){\n /* Add Your Logic Here\t\n\t//apis.utility.logger.debug();\n\t*/\n}",
        "eventName": "beforeSave",
        "_v": 0
    },
    {
        "_id": "B1hfSxIxu_d",
        "_deleted": false,
        "_createdAt": "2021-05-06T10:00:11.806Z",
        "_modifiedAt": "2021-05-06T10:00:11.806Z",
        "_lv": 1,
        "deploymentVersion": 1,
        "enabled": false,
        "backendId": "SyMfbiPuu",
        "modelId": "Rule",
        "event": "function afterDelete (event){\n /* Add Your Logic Here\t\n\t//apis.utility.logger.debug();\n\t*/\n}",
        "eventName": "afterDelete",
        "_v": 0
    },
    {
        "_id": "Sypzrx8gOO_",
        "_deleted": false,
        "_createdAt": "2021-05-06T10:00:11.871Z",
        "_modifiedAt": "2021-05-06T10:00:11.871Z",
        "_lv": 1,
        "deploymentVersion": 1,
        "enabled": false,
        "backendId": "SyMfbiPuu",
        "modelId": "Rule",
        "event": "function afterRead (event){\n /* Add Your Logic Here\t\n\t//apis.utility.logger.debug();\n\t*/\n}",
        "eventName": "afterRead",
        "_v": 0
    },
    {
        "_id": "B10fSx8g_dO",
        "_deleted": false,
        "_createdAt": "2021-05-06T10:00:11.915Z",
        "_modifiedAt": "2021-05-06T10:00:11.915Z",
        "_lv": 1,
        "deploymentVersion": 1,
        "enabled": false,
        "backendId": "SyMfbiPuu",
        "modelId": "Rule",
        "event": "function afterSave (event){\n /* Add Your Logic Here\t\n\t//apis.utility.logger.debug();\n\t*/\n}",
        "eventName": "afterSave",
        "_v": 0
    },
    {
        "_id": "BJJmSx8l__O",
        "_deleted": false,
        "_createdAt": "2021-05-06T10:00:11.933Z",
        "_modifiedAt": "2021-05-06T10:00:11.933Z",
        "_lv": 1,
        "deploymentVersion": 1,
        "enabled": false,
        "backendId": "SyMfbiPuu",
        "modelId": "Rule",
        "event": "function beforeDelete (event){\n /* Add Your Logic Here\t\n\t//apis.utility.logger.debug();\n\t*/\n}",
        "eventName": "beforeDelete",
        "_v": 0
    },
    {
        "_id": "BJx7BgUgOO_",
        "_deleted": false,
        "_createdAt": "2021-05-06T10:00:11.868Z",
        "_modifiedAt": "2021-05-06T10:00:11.868Z",
        "_lv": 1,
        "deploymentVersion": 1,
        "enabled": false,
        "backendId": "SyMfbiPuu",
        "modelId": "Rule",
        "event": "function beforeRead (event){\n /* Add Your Logic Here\t\n\t//apis.utility.logger.debug();\n\t*/\n}",
        "eventName": "beforeRead",
        "_v": 0
    },
    {
        "_id": "S1-7HeUxddu",
        "_deleted": false,
        "_createdAt": "2021-05-06T10:00:11.870Z",
        "_modifiedAt": "2021-05-06T10:00:11.870Z",
        "_lv": 1,
        "deploymentVersion": 1,
        "enabled": false,
        "backendId": "SyMfbiPuu",
        "modelId": "Rule",
        "event": "function beforeSave (event){\n /* Add Your Logic Here\t\n\t//apis.utility.logger.debug();\n\t*/\n}",
        "eventName": "beforeSave",
        "_v": 0
    },
    {
        "_id": "Hyz7BlLlu_u",
        "_deleted": false,
        "_createdAt": "2021-05-06T10:00:11.894Z",
        "_modifiedAt": "2021-05-06T10:00:11.894Z",
        "_lv": 1,
        "deploymentVersion": 1,
        "enabled": false,
        "backendId": "SyMfbiPuu",
        "modelId": "User",
        "event": "function afterDelete (event){\n /* Add Your Logic Here\t\n\t//apis.utility.logger.debug();\n\t*/\n}",
        "eventName": "afterDelete",
        "_v": 0
    },
    {
        "_id": "rkQXBg8eOd_",
        "_deleted": false,
        "_createdAt": "2021-05-06T10:00:11.930Z",
        "_modifiedAt": "2021-05-06T10:00:11.930Z",
        "_lv": 1,
        "deploymentVersion": 1,
        "enabled": false,
        "backendId": "SyMfbiPuu",
        "modelId": "User",
        "event": "function afterRead (event){\n /* Add Your Logic Here\t\n\t//apis.utility.logger.debug();\n\t*/\n}",
        "eventName": "afterRead",
        "_v": 0
    },
    {
        "_id": "r147HgLed_O",
        "_deleted": false,
        "_createdAt": "2021-05-06T10:00:11.940Z",
        "_modifiedAt": "2021-05-06T10:00:11.940Z",
        "_lv": 1,
        "deploymentVersion": 1,
        "enabled": false,
        "backendId": "SyMfbiPuu",
        "modelId": "User",
        "event": "function afterSave (event){\n /* Add Your Logic Here\t\n\t//apis.utility.logger.debug();\n\t*/\n}",
        "eventName": "afterSave",
        "_v": 0
    },
    {
        "_id": "HkHmBgLl_dd",
        "_deleted": false,
        "_createdAt": "2021-05-06T10:00:11.886Z",
        "_modifiedAt": "2021-05-06T10:00:11.886Z",
        "_lv": 1,
        "deploymentVersion": 1,
        "enabled": false,
        "backendId": "SyMfbiPuu",
        "modelId": "User",
        "event": "function beforeDelete (event){\n /* Add Your Logic Here\t\n\t//apis.utility.logger.debug();\n\t*/\n}",
        "eventName": "beforeDelete",
        "_v": 0
    },
    {
        "_id": "rJLXrgLxd_u",
        "_deleted": false,
        "_createdAt": "2021-05-06T10:00:11.914Z",
        "_modifiedAt": "2021-05-06T10:00:11.914Z",
        "_lv": 1,
        "deploymentVersion": 1,
        "enabled": false,
        "backendId": "SyMfbiPuu",
        "modelId": "User",
        "event": "function beforeRead (event){\n /* Add Your Logic Here\t\n\t//apis.utility.logger.debug();\n\t*/\n}",
        "eventName": "beforeRead",
        "_v": 0
    },
    {
        "_id": "BJP7Sl8xOdu",
        "_deleted": false,
        "_createdAt": "2021-05-06T10:00:11.930Z",
        "_modifiedAt": "2021-05-06T10:00:11.930Z",
        "_lv": 1,
        "deploymentVersion": 1,
        "enabled": false,
        "backendId": "SyMfbiPuu",
        "modelId": "User",
        "event": "function beforeSave (event){\n /* Add Your Logic Here\t\n\t//apis.utility.logger.debug();\n\t*/\n}",
        "eventName": "beforeSave",
        "_v": 0
    },
    {
        "_id": "S1umHeUeu_O",
        "_deleted": false,
        "_createdAt": "2021-05-06T10:00:11.823Z",
        "_modifiedAt": "2021-05-06T10:00:11.823Z",
        "_lv": 1,
        "deploymentVersion": 1,
        "enabled": false,
        "backendId": "SyMfbiPuu",
        "modelId": "Workflow",
        "event": "function afterDelete (event){\n /* Add Your Logic Here\t\n\t//apis.utility.logger.debug();\n\t*/\n}",
        "eventName": "afterDelete",
        "_v": 0
    },
    {
        "_id": "HJKmHgLx_du",
        "_deleted": false,
        "_createdAt": "2021-05-06T10:00:11.821Z",
        "_modifiedAt": "2021-05-06T10:00:11.821Z",
        "_lv": 1,
        "deploymentVersion": 1,
        "enabled": false,
        "backendId": "SyMfbiPuu",
        "modelId": "Workflow",
        "event": "function afterRead (event){\n /* Add Your Logic Here\t\n\t//apis.utility.logger.debug();\n\t*/\n}",
        "eventName": "afterRead",
        "_v": 0
    },
    {
        "_id": "BJc7SxLx__O",
        "_deleted": false,
        "_createdAt": "2021-05-06T10:00:11.821Z",
        "_modifiedAt": "2021-05-06T10:00:11.821Z",
        "_lv": 1,
        "deploymentVersion": 1,
        "enabled": false,
        "backendId": "SyMfbiPuu",
        "modelId": "Workflow",
        "event": "function afterSave (event){\n /* Add Your Logic Here\t\n\t//apis.utility.logger.debug();\n\t*/\n}",
        "eventName": "afterSave",
        "_v": 0
    },
    {
        "_id": "BJjQrg8gd_O",
        "_deleted": false,
        "_createdAt": "2021-05-06T10:00:11.834Z",
        "_modifiedAt": "2021-05-06T10:00:11.834Z",
        "_lv": 1,
        "deploymentVersion": 1,
        "enabled": false,
        "backendId": "SyMfbiPuu",
        "modelId": "Workflow",
        "event": "function beforeDelete (event){\n /* Add Your Logic Here\t\n\t//apis.utility.logger.debug();\n\t*/\n}",
        "eventName": "beforeDelete",
        "_v": 0
    },
    {
        "_id": "Sk3XrxLgOuu",
        "_deleted": false,
        "_createdAt": "2021-05-06T10:00:11.826Z",
        "_modifiedAt": "2021-05-06T10:00:11.826Z",
        "_lv": 1,
        "deploymentVersion": 1,
        "enabled": false,
        "backendId": "SyMfbiPuu",
        "modelId": "Workflow",
        "event": "function beforeRead (event){\n /* Add Your Logic Here\t\n\t//apis.utility.logger.debug();\n\t*/\n}",
        "eventName": "beforeRead",
        "_v": 0
    },
    {
        "_id": "Bkamrl8g_OO",
        "_deleted": false,
        "_createdAt": "2021-05-06T10:00:11.825Z",
        "_modifiedAt": "2021-05-06T10:00:11.825Z",
        "_lv": 1,
        "deploymentVersion": 1,
        "enabled": false,
        "backendId": "SyMfbiPuu",
        "modelId": "Workflow",
        "event": "function beforeSave (event){\n /* Add Your Logic Here\t\n\t//apis.utility.logger.debug();\n\t*/\n}",
        "eventName": "beforeSave",
        "_v": 0
    },
    {
        "_id": "S1CmBlUluO_",
        "_deleted": false,
        "_createdAt": "2021-05-07T11:01:14.725Z",
        "_modifiedAt": "2021-05-07T11:01:14.725Z",
        "_lv": 1,
        "deploymentVersion": 2,
        "enabled": false,
        "backendId": "SyMfbiPuu",
        "modelId": "fgdfffffg",
        "event": "function afterDelete (event){\n /* Add Your Logic Here\t\n\t//apis.utility.logger.debug();\n\t*/\n}",
        "eventName": "afterDelete",
        "_v": 0
    },
    {
        "_id": "HyJNreIldd_",
        "_deleted": false,
        "_createdAt": "2021-05-07T11:01:14.756Z",
        "_modifiedAt": "2021-05-07T11:01:14.756Z",
        "_lv": 1,
        "deploymentVersion": 2,
        "enabled": false,
        "backendId": "SyMfbiPuu",
        "modelId": "fgdfffffg",
        "event": "function afterRead (event){\n /* Add Your Logic Here\t\n\t//apis.utility.logger.debug();\n\t*/\n}",
        "eventName": "afterRead",
        "_v": 0
    },
    {
        "_id": "BkxVHgLe_OO",
        "_deleted": false,
        "_createdAt": "2021-05-07T11:01:14.739Z",
        "_modifiedAt": "2021-05-07T11:01:14.739Z",
        "_lv": 1,
        "deploymentVersion": 2,
        "enabled": false,
        "backendId": "SyMfbiPuu",
        "modelId": "fgdfffffg",
        "event": "function afterSave (event){\n /* Add Your Logic Here\t\n\t//apis.utility.logger.debug();\n\t*/\n}",
        "eventName": "afterSave",
        "_v": 0
    },
    {
        "_id": "H1Z4rgLluOO",
        "_deleted": false,
        "_createdAt": "2021-05-07T11:01:14.740Z",
        "_modifiedAt": "2021-05-07T11:01:14.740Z",
        "_lv": 1,
        "deploymentVersion": 2,
        "enabled": false,
        "backendId": "SyMfbiPuu",
        "modelId": "fgdfffffg",
        "event": "function beforeDelete (event){\n /* Add Your Logic Here\t\n\t//apis.utility.logger.debug();\n\t*/\n}",
        "eventName": "beforeDelete",
        "_v": 0
    },
    {
        "_id": "B1GVBlUl___",
        "_deleted": false,
        "_createdAt": "2021-05-07T11:01:14.751Z",
        "_modifiedAt": "2021-05-07T11:01:14.751Z",
        "_lv": 1,
        "deploymentVersion": 2,
        "enabled": false,
        "backendId": "SyMfbiPuu",
        "modelId": "fgdfffffg",
        "event": "function beforeRead (event){\n /* Add Your Logic Here\t\n\t//apis.utility.logger.debug();\n\t*/\n}",
        "eventName": "beforeRead",
        "_v": 0
    },
    {
        "_id": "B1QEHgLlu__",
        "_deleted": false,
        "_createdAt": "2021-05-07T11:01:14.738Z",
        "_modifiedAt": "2021-05-07T11:01:14.738Z",
        "_lv": 1,
        "deploymentVersion": 2,
        "enabled": false,
        "backendId": "SyMfbiPuu",
        "modelId": "fgdfffffg",
        "event": "function beforeSave (event){\n /* Add Your Logic Here\t\n\t//apis.utility.logger.debug();\n\t*/\n}",
        "eventName": "beforeSave",
        "_v": 0
    },
    {
        "_id": "Sy4VBeIl__O",
        "_deleted": false,
        "_createdAt": "2021-05-07T14:04:09.209Z",
        "_modifiedAt": "2021-05-07T14:04:09.209Z",
        "_lv": 1,
        "deploymentVersion": 3,
        "enabled": false,
        "backendId": "SyMfbiPuu",
        "modelId": "fghgjghj",
        "event": "function afterDelete (event){\n /* Add Your Logic Here\t\n\t//apis.utility.logger.debug();\n\t*/\n}",
        "eventName": "afterDelete",
        "_v": 0
    },
    {
        "_id": "H1SEBgLguOO",
        "_deleted": false,
        "_createdAt": "2021-05-07T14:04:09.211Z",
        "_modifiedAt": "2021-05-07T14:04:09.211Z",
        "_lv": 1,
        "deploymentVersion": 3,
        "enabled": false,
        "backendId": "SyMfbiPuu",
        "modelId": "fghgjghj",
        "event": "function afterRead (event){\n /* Add Your Logic Here\t\n\t//apis.utility.logger.debug();\n\t*/\n}",
        "eventName": "afterRead",
        "_v": 0
    },
    {
        "_id": "B1UVBxLx_ud",
        "_deleted": false,
        "_createdAt": "2021-05-07T14:04:09.210Z",
        "_modifiedAt": "2021-05-07T14:04:09.210Z",
        "_lv": 1,
        "deploymentVersion": 3,
        "enabled": false,
        "backendId": "SyMfbiPuu",
        "modelId": "fghgjghj",
        "event": "function afterSave (event){\n /* Add Your Logic Here\t\n\t//apis.utility.logger.debug();\n\t*/\n}",
        "eventName": "afterSave",
        "_v": 0
    },
    {
        "_id": "rkwVBgIgOdO",
        "_deleted": false,
        "_createdAt": "2021-05-07T14:04:09.212Z",
        "_modifiedAt": "2021-05-07T14:04:09.212Z",
        "_lv": 1,
        "deploymentVersion": 3,
        "enabled": false,
        "backendId": "SyMfbiPuu",
        "modelId": "fghgjghj",
        "event": "function beforeDelete (event){\n /* Add Your Logic Here\t\n\t//apis.utility.logger.debug();\n\t*/\n}",
        "eventName": "beforeDelete",
        "_v": 0
    },
    {
        "_id": "Sy_EBeLld_O",
        "_deleted": false,
        "_createdAt": "2021-05-07T14:04:09.211Z",
        "_modifiedAt": "2021-05-07T14:04:09.211Z",
        "_lv": 1,
        "deploymentVersion": 3,
        "enabled": false,
        "backendId": "SyMfbiPuu",
        "modelId": "fghgjghj",
        "event": "function beforeRead (event){\n /* Add Your Logic Here\t\n\t//apis.utility.logger.debug();\n\t*/\n}",
        "eventName": "beforeRead",
        "_v": 0
    },
    {
        "_id": "rkY4HlLlOd_",
        "_deleted": false,
        "_createdAt": "2021-05-07T14:04:09.210Z",
        "_modifiedAt": "2021-05-07T14:04:09.210Z",
        "_lv": 1,
        "deploymentVersion": 3,
        "enabled": false,
        "backendId": "SyMfbiPuu",
        "modelId": "fghgjghj",
        "event": "function beforeSave (event){\n /* Add Your Logic Here\t\n\t//apis.utility.logger.debug();\n\t*/\n}",
        "eventName": "beforeSave",
        "_v": 0
    },
    {
        "_id": "S1qNSeIlddO",
        "_deleted": false,
        "_createdAt": "2021-05-06T10:00:11.925Z",
        "_modifiedAt": "2021-05-06T10:00:11.925Z",
        "_lv": 1,
        "deploymentVersion": 1,
        "enabled": false,
        "backendId": "SyMfbiPuu",
        "modelId": "jobDetail",
        "event": "function afterDelete (event){\n /* Add Your Logic Here\t\n\t//apis.utility.logger.debug();\n\t*/\n}",
        "eventName": "afterDelete",
        "_v": 0
    },
    {
        "_id": "BysNBxLedOO",
        "_deleted": false,
        "_createdAt": "2021-05-06T10:00:11.820Z",
        "_modifiedAt": "2021-05-06T10:00:11.820Z",
        "_lv": 1,
        "deploymentVersion": 1,
        "enabled": false,
        "backendId": "SyMfbiPuu",
        "modelId": "jobDetail",
        "event": "function afterRead (event){\n /* Add Your Logic Here\t\n\t//apis.utility.logger.debug();\n\t*/\n}",
        "eventName": "afterRead",
        "_v": 0
    },
    {
        "_id": "BJh4BxLxduO",
        "_deleted": false,
        "_createdAt": "2021-05-06T10:00:11.888Z",
        "_modifiedAt": "2021-05-06T10:00:11.888Z",
        "_lv": 1,
        "deploymentVersion": 1,
        "enabled": false,
        "backendId": "SyMfbiPuu",
        "modelId": "jobDetail",
        "event": "function afterSave (event){\n /* Add Your Logic Here\t\n\t//apis.utility.logger.debug();\n\t*/\n}",
        "eventName": "afterSave",
        "_v": 0
    },
    {
        "_id": "rJaNSxIxOOO",
        "_deleted": false,
        "_createdAt": "2021-05-06T10:00:11.900Z",
        "_modifiedAt": "2021-05-06T10:00:11.900Z",
        "_lv": 1,
        "deploymentVersion": 1,
        "enabled": false,
        "backendId": "SyMfbiPuu",
        "modelId": "jobDetail",
        "event": "function beforeDelete (event){\n /* Add Your Logic Here\t\n\t//apis.utility.logger.debug();\n\t*/\n}",
        "eventName": "beforeDelete",
        "_v": 0
    },
    {
        "_id": "S1CNSxIgdu_",
        "_deleted": false,
        "_createdAt": "2021-05-06T10:00:11.936Z",
        "_modifiedAt": "2021-05-06T10:00:11.936Z",
        "_lv": 1,
        "deploymentVersion": 1,
        "enabled": false,
        "backendId": "SyMfbiPuu",
        "modelId": "jobDetail",
        "event": "function beforeRead (event){\n /* Add Your Logic Here\t\n\t//apis.utility.logger.debug();\n\t*/\n}",
        "eventName": "beforeRead",
        "_v": 0
    },
    {
        "_id": "SkJSSx8luu_",
        "_deleted": false,
        "_createdAt": "2021-05-06T10:00:11.815Z",
        "_modifiedAt": "2021-05-06T10:00:11.815Z",
        "_lv": 1,
        "deploymentVersion": 1,
        "enabled": false,
        "backendId": "SyMfbiPuu",
        "modelId": "jobDetail",
        "event": "function beforeSave (event){\n /* Add Your Logic Here\t\n\t//apis.utility.logger.debug();\n\t*/\n}",
        "eventName": "beforeSave",
        "_v": 0
    },
    {
        "_id": "B1grBxLxOuO",
        "_deleted": false,
        "_createdAt": "2021-05-06T10:00:11.884Z",
        "_modifiedAt": "2021-05-06T10:00:11.884Z",
        "_lv": 1,
        "deploymentVersion": 1,
        "enabled": false,
        "backendId": "SyMfbiPuu",
        "modelId": "mapping",
        "event": "function afterDelete (event){\n /* Add Your Logic Here\t\n\t//apis.utility.logger.debug();\n\t*/\n}",
        "eventName": "afterDelete",
        "_v": 0
    },
    {
        "_id": "ry-SHg8euOO",
        "_deleted": false,
        "_createdAt": "2021-05-06T10:00:11.912Z",
        "_modifiedAt": "2021-05-06T10:00:11.912Z",
        "_lv": 1,
        "deploymentVersion": 1,
        "enabled": false,
        "backendId": "SyMfbiPuu",
        "modelId": "mapping",
        "event": "function afterRead (event){\n /* Add Your Logic Here\t\n\t//apis.utility.logger.debug();\n\t*/\n}",
        "eventName": "afterRead",
        "_v": 0
    },
    {
        "_id": "SkfHBgLxOO_",
        "_deleted": false,
        "_createdAt": "2021-05-06T10:00:11.929Z",
        "_modifiedAt": "2021-05-06T10:00:11.929Z",
        "_lv": 1,
        "deploymentVersion": 1,
        "enabled": false,
        "backendId": "SyMfbiPuu",
        "modelId": "mapping",
        "event": "function afterSave (event){\n /* Add Your Logic Here\t\n\t//apis.utility.logger.debug();\n\t*/\n}",
        "eventName": "afterSave",
        "_v": 0
    },
    {
        "_id": "H1mBre8xuu_",
        "_deleted": false,
        "_createdAt": "2021-05-06T10:00:11.939Z",
        "_modifiedAt": "2021-05-06T10:00:11.939Z",
        "_lv": 1,
        "deploymentVersion": 1,
        "enabled": false,
        "backendId": "SyMfbiPuu",
        "modelId": "mapping",
        "event": "function beforeDelete (event){\n /* Add Your Logic Here\t\n\t//apis.utility.logger.debug();\n\t*/\n}",
        "eventName": "beforeDelete",
        "_v": 0
    },
    {
        "_id": "ryErBxIlOOd",
        "_deleted": false,
        "_createdAt": "2021-05-06T10:00:11.893Z",
        "_modifiedAt": "2021-05-06T10:00:11.893Z",
        "_lv": 1,
        "deploymentVersion": 1,
        "enabled": false,
        "backendId": "SyMfbiPuu",
        "modelId": "mapping",
        "event": "function beforeRead (event){\n /* Add Your Logic Here\t\n\t//apis.utility.logger.debug();\n\t*/\n}",
        "eventName": "beforeRead",
        "_v": 0
    },
    {
        "_id": "HJBrre8e__u",
        "_deleted": false,
        "_createdAt": "2021-05-06T10:00:11.908Z",
        "_modifiedAt": "2021-05-06T10:00:11.908Z",
        "_lv": 1,
        "deploymentVersion": 1,
        "enabled": false,
        "backendId": "SyMfbiPuu",
        "modelId": "mapping",
        "event": "function beforeSave (event){\n /* Add Your Logic Here\t\n\t//apis.utility.logger.debug();\n\t*/\n}",
        "eventName": "beforeSave",
        "_v": 0
    },
    {
        "_id": "S1USBxUeOd_",
        "_deleted": false,
        "_createdAt": "2021-05-06T10:00:11.938Z",
        "_modifiedAt": "2021-05-06T10:00:11.938Z",
        "_lv": 1,
        "deploymentVersion": 1,
        "enabled": false,
        "backendId": "SyMfbiPuu",
        "modelId": "s3ObjectRoleMapping",
        "event": "function afterDelete (event){\n /* Add Your Logic Here\t\n\t//apis.utility.logger.debug();\n\t*/\n}",
        "eventName": "afterDelete",
        "_v": 0
    },
    {
        "_id": "S1vHreLgudu",
        "_deleted": false,
        "_createdAt": "2021-05-06T10:00:11.892Z",
        "_modifiedAt": "2021-05-06T10:00:11.892Z",
        "_lv": 1,
        "deploymentVersion": 1,
        "enabled": false,
        "backendId": "SyMfbiPuu",
        "modelId": "s3ObjectRoleMapping",
        "event": "function afterRead (event){\n /* Add Your Logic Here\t\n\t//apis.utility.logger.debug();\n\t*/\n}",
        "eventName": "afterRead",
        "_v": 0
    },
    {
        "_id": "H1OSrxUxuud",
        "_deleted": false,
        "_createdAt": "2021-05-06T10:00:11.907Z",
        "_modifiedAt": "2021-05-06T10:00:11.907Z",
        "_lv": 1,
        "deploymentVersion": 1,
        "enabled": false,
        "backendId": "SyMfbiPuu",
        "modelId": "s3ObjectRoleMapping",
        "event": "function afterSave (event){\n /* Add Your Logic Here\t\n\t//apis.utility.logger.debug();\n\t*/\n}",
        "eventName": "afterSave",
        "_v": 0
    },
    {
        "_id": "BkYrSg8lOdd",
        "_deleted": false,
        "_createdAt": "2021-05-06T10:00:11.927Z",
        "_modifiedAt": "2021-05-06T10:00:11.927Z",
        "_lv": 1,
        "deploymentVersion": 1,
        "enabled": false,
        "backendId": "SyMfbiPuu",
        "modelId": "s3ObjectRoleMapping",
        "event": "function beforeDelete (event){\n /* Add Your Logic Here\t\n\t//apis.utility.logger.debug();\n\t*/\n}",
        "eventName": "beforeDelete",
        "_v": 0
    },
    {
        "_id": "SyqBHeIguuO",
        "_deleted": false,
        "_createdAt": "2021-05-06T10:00:11.865Z",
        "_modifiedAt": "2021-05-06T10:00:11.865Z",
        "_lv": 1,
        "deploymentVersion": 1,
        "enabled": false,
        "backendId": "SyMfbiPuu",
        "modelId": "s3ObjectRoleMapping",
        "event": "function beforeRead (event){\n /* Add Your Logic Here\t\n\t//apis.utility.logger.debug();\n\t*/\n}",
        "eventName": "beforeRead",
        "_v": 0
    },
    {
        "_id": "S1oSrlUx_uO",
        "_deleted": false,
        "_createdAt": "2021-05-06T10:00:11.891Z",
        "_modifiedAt": "2021-05-06T10:00:11.891Z",
        "_lv": 1,
        "deploymentVersion": 1,
        "enabled": false,
        "backendId": "SyMfbiPuu",
        "modelId": "s3ObjectRoleMapping",
        "event": "function beforeSave (event){\n /* Add Your Logic Here\t\n\t//apis.utility.logger.debug();\n\t*/\n}",
        "eventName": "beforeSave",
        "_v": 0
    }
]