[
    {
        "_id": "r1fQV4AEb_O",
        "_deleted": false,
        "_createdAt": "2021-05-06T10:00:11.932Z",
        "_modifiedAt": "2021-05-06T10:00:11.932Z",
        "_lv": 0,
        "deploymentVersion": 1,
        "enabled": false,
        "backendId": "SJ0QAE-uu",
        "modelId": "AccessKey",
        "event": "function afterDelete (event){\n /* Add Your Logic Here\t\n\t//apis.utility.logger.debug();\n\t*/\n}",
        "eventName": "afterDelete",
        "_v": 1
    },
    {
        "_id": "S1ZbN40VW_d",
        "_deleted": false,
        "_createdAt": "2021-05-06T10:00:11.867Z",
        "_modifiedAt": "2021-05-06T10:00:11.867Z",
        "_lv": 0,
        "deploymentVersion": 1,
        "enabled": false,
        "backendId": "SJ0QAE-uu",
        "modelId": "AccessKey",
        "event": "function afterRead (event){\n /* Add Your Logic Here\t\n\t//apis.utility.logger.debug();\n\t*/\n}",
        "eventName": "afterRead",
        "_v": 1
    },
    {
        "_id": "SkRgNE04-d_",
        "_deleted": false,
        "_createdAt": "2021-05-06T10:00:11.836Z",
        "_modifiedAt": "2021-05-06T10:00:11.836Z",
        "_lv": 0,
        "deploymentVersion": 1,
        "enabled": false,
        "backendId": "SJ0QAE-uu",
        "modelId": "AccessKey",
        "event": "function afterSave (event){\n /* Add Your Logic Here\t\n\t//apis.utility.logger.debug();\n\t*/\n}",
        "eventName": "afterSave",
        "_v": 1
    },
    {
        "_id": "BkDf4ECNZ_O",
        "_deleted": false,
        "_createdAt": "2021-05-06T10:00:11.915Z",
        "_modifiedAt": "2021-05-06T10:00:11.915Z",
        "_lv": 0,
        "deploymentVersion": 1,
        "enabled": false,
        "backendId": "SJ0QAE-uu",
        "modelId": "AccessKey",
        "event": "function beforeDelete (event){\n /* Add Your Logic Here\t\n\t//apis.utility.logger.debug();\n\t*/\n}",
        "eventName": "beforeDelete",
        "_v": 1
    },
    {
        "_id": "Sk9EEANbdu",
        "_deleted": false,
        "_createdAt": "2021-05-06T10:00:11.777Z",
        "_modifiedAt": "2021-05-06T10:00:11.777Z",
        "_lv": 0,
        "deploymentVersion": 1,
        "enabled": false,
        "backendId": "SJ0QAE-uu",
        "modelId": "AccessKey",
        "event": "function beforeRead (event){\n /* Add Your Logic Here\t\n\t//apis.utility.logger.debug();\n\t*/\n}",
        "eventName": "beforeRead",
        "_v": 1
    },
    {
        "_id": "HkExV4RVb_u",
        "_deleted": false,
        "_createdAt": "2021-05-06T10:00:11.822Z",
        "_modifiedAt": "2021-05-06T10:00:11.822Z",
        "_lv": 0,
        "deploymentVersion": 1,
        "enabled": false,
        "backendId": "SJ0QAE-uu",
        "modelId": "AccessKey",
        "event": "function beforeSave (event){\n /* Add Your Logic Here\t\n\t//apis.utility.logger.debug();\n\t*/\n}",
        "eventName": "beforeSave",
        "_v": 1
    },
    {
        "_id": "rkgGVEC4-d_",
        "_deleted": false,
        "_createdAt": "2021-05-06T10:00:11.897Z",
        "_modifiedAt": "2021-05-06T10:00:11.897Z",
        "_lv": 0,
        "deploymentVersion": 1,
        "enabled": false,
        "backendId": "SJ0QAE-uu",
        "modelId": "Attachment",
        "event": "function afterDelete (event){\n /* Add Your Logic Here\t\n\t//apis.utility.logger.debug();\n\t*/\n}",
        "eventName": "afterDelete",
        "_v": 1
    },
    {
        "_id": "ByUmNVREbO_",
        "_deleted": false,
        "_createdAt": "2021-05-06T10:00:11.935Z",
        "_modifiedAt": "2021-05-06T10:00:11.935Z",
        "_lv": 0,
        "deploymentVersion": 1,
        "enabled": false,
        "backendId": "SJ0QAE-uu",
        "modelId": "Attachment",
        "event": "function afterRead (event){\n /* Add Your Logic Here\t\n\t//apis.utility.logger.debug();\n\t*/\n}",
        "eventName": "afterRead",
        "_v": 1
    },
    {
        "_id": "SyaVVRVbOu",
        "_deleted": false,
        "_createdAt": "2021-05-06T10:00:11.814Z",
        "_modifiedAt": "2021-05-06T10:00:11.814Z",
        "_lv": 0,
        "deploymentVersion": 1,
        "enabled": false,
        "backendId": "SJ0QAE-uu",
        "modelId": "Attachment",
        "event": "function afterSave (event){\n /* Add Your Logic Here\t\n\t//apis.utility.logger.debug();\n\t*/\n}",
        "eventName": "afterSave",
        "_v": 1
    },
    {
        "_id": "rkO-VNCVWO_",
        "_deleted": false,
        "_createdAt": "2021-05-06T10:00:11.887Z",
        "_modifiedAt": "2021-05-06T10:00:11.887Z",
        "_lv": 0,
        "deploymentVersion": 1,
        "enabled": false,
        "backendId": "SJ0QAE-uu",
        "modelId": "Attachment",
        "event": "function beforeDelete (event){\n /* Add Your Logic Here\t\n\t//apis.utility.logger.debug();\n\t*/\n}",
        "eventName": "beforeDelete",
        "_v": 1
    },
    {
        "_id": "S1ozNEREZdd",
        "_deleted": false,
        "_createdAt": "2021-05-06T10:00:11.924Z",
        "_modifiedAt": "2021-05-06T10:00:11.924Z",
        "_lv": 0,
        "deploymentVersion": 1,
        "enabled": false,
        "backendId": "SJ0QAE-uu",
        "modelId": "Attachment",
        "event": "function beforeRead (event){\n /* Add Your Logic Here\t\n\t//apis.utility.logger.debug();\n\t*/\n}",
        "eventName": "beforeRead",
        "_v": 1
    },
    {
        "_id": "ryB7EVAV-__",
        "_deleted": false,
        "_createdAt": "2021-05-06T10:00:11.934Z",
        "_modifiedAt": "2021-05-06T10:00:11.934Z",
        "_lv": 0,
        "deploymentVersion": 1,
        "enabled": false,
        "backendId": "SJ0QAE-uu",
        "modelId": "Attachment",
        "event": "function beforeSave (event){\n /* Add Your Logic Here\t\n\t//apis.utility.logger.debug();\n\t*/\n}",
        "eventName": "beforeSave",
        "_v": 1
    },
    {
        "_id": "BkQWENRNWOO",
        "_deleted": false,
        "_createdAt": "2021-05-06T10:00:11.869Z",
        "_modifiedAt": "2021-05-06T10:00:11.869Z",
        "_lv": 0,
        "deploymentVersion": 1,
        "enabled": false,
        "backendId": "SJ0QAE-uu",
        "modelId": "Connection",
        "event": "function afterDelete (event){\n /* Add Your Logic Here\t\n\t//apis.utility.logger.debug();\n\t*/\n}",
        "eventName": "afterDelete",
        "_v": 1
    },
    {
        "_id": "Sk9MVER4Z_O",
        "_deleted": false,
        "_createdAt": "2021-05-06T10:00:11.923Z",
        "_modifiedAt": "2021-05-06T10:00:11.923Z",
        "_lv": 0,
        "deploymentVersion": 1,
        "enabled": false,
        "backendId": "SJ0QAE-uu",
        "modelId": "Connection",
        "event": "function afterRead (event){\n /* Add Your Logic Here\t\n\t//apis.utility.logger.debug();\n\t*/\n}",
        "eventName": "afterRead",
        "_v": 1
    },
    {
        "_id": "S1EQN4RVWud",
        "_deleted": false,
        "_createdAt": "2021-05-06T10:00:11.933Z",
        "_modifiedAt": "2021-05-06T10:00:11.933Z",
        "_lv": 0,
        "deploymentVersion": 1,
        "enabled": false,
        "backendId": "SJ0QAE-uu",
        "modelId": "Connection",
        "event": "function afterSave (event){\n /* Add Your Logic Here\t\n\t//apis.utility.logger.debug();\n\t*/\n}",
        "eventName": "afterSave",
        "_v": 1
    },
    {
        "_id": "ry2VE0Eb_d",
        "_deleted": false,
        "_createdAt": "2021-05-06T10:00:11.813Z",
        "_modifiedAt": "2021-05-06T10:00:11.813Z",
        "_lv": 0,
        "deploymentVersion": 1,
        "enabled": false,
        "backendId": "SJ0QAE-uu",
        "modelId": "Connection",
        "event": "function beforeDelete (event){\n /* Add Your Logic Here\t\n\t//apis.utility.logger.debug();\n\t*/\n}",
        "eventName": "beforeDelete",
        "_v": 1
    },
    {
        "_id": "HyJMNECV-dd",
        "_deleted": false,
        "_createdAt": "2021-05-06T10:00:11.896Z",
        "_modifiedAt": "2021-05-06T10:00:11.896Z",
        "_lv": 0,
        "deploymentVersion": 1,
        "enabled": false,
        "backendId": "SJ0QAE-uu",
        "modelId": "Connection",
        "event": "function beforeRead (event){\n /* Add Your Logic Here\t\n\t//apis.utility.logger.debug();\n\t*/\n}",
        "eventName": "beforeRead",
        "_v": 1
    },
    {
        "_id": "HkKf4NAE-ud",
        "_deleted": false,
        "_createdAt": "2021-05-06T10:00:11.922Z",
        "_modifiedAt": "2021-05-06T10:00:11.922Z",
        "_lv": 0,
        "deploymentVersion": 1,
        "enabled": false,
        "backendId": "SJ0QAE-uu",
        "modelId": "Connection",
        "event": "function beforeSave (event){\n /* Add Your Logic Here\t\n\t//apis.utility.logger.debug();\n\t*/\n}",
        "eventName": "beforeSave",
        "_v": 1
    },
    {
        "_id": "HJ7xEECE-_d",
        "_deleted": false,
        "_createdAt": "2021-05-06T10:00:11.822Z",
        "_modifiedAt": "2021-05-06T10:00:11.822Z",
        "_lv": 0,
        "deploymentVersion": 1,
        "enabled": false,
        "backendId": "SJ0QAE-uu",
        "modelId": "Organization",
        "event": "function afterDelete (event){\n /* Add Your Logic Here\t\n\t//apis.utility.logger.debug();\n\t*/\n}",
        "eventName": "afterDelete",
        "_v": 1
    },
    {
        "_id": "B1weV404-Ou",
        "_deleted": false,
        "_createdAt": "2021-05-06T10:00:11.824Z",
        "_modifiedAt": "2021-05-06T10:00:11.824Z",
        "_lv": 0,
        "deploymentVersion": 1,
        "enabled": false,
        "backendId": "SJ0QAE-uu",
        "modelId": "Organization",
        "event": "function afterRead (event){\n /* Add Your Logic Here\t\n\t//apis.utility.logger.debug();\n\t*/\n}",
        "eventName": "afterRead",
        "_v": 1
    },
    {
        "_id": "r1IeEVCV-_O",
        "_deleted": false,
        "_createdAt": "2021-05-06T10:00:11.823Z",
        "_modifiedAt": "2021-05-06T10:00:11.823Z",
        "_lv": 0,
        "deploymentVersion": 1,
        "enabled": false,
        "backendId": "SJ0QAE-uu",
        "modelId": "Organization",
        "event": "function afterSave (event){\n /* Add Your Logic Here\t\n\t//apis.utility.logger.debug();\n\t*/\n}",
        "eventName": "afterSave",
        "_v": 1
    },
    {
        "_id": "BJ9xN4REWd_",
        "_deleted": false,
        "_createdAt": "2021-05-06T10:00:11.833Z",
        "_modifiedAt": "2021-05-06T10:00:11.833Z",
        "_lv": 0,
        "deploymentVersion": 1,
        "enabled": false,
        "backendId": "SJ0QAE-uu",
        "modelId": "Organization",
        "event": "function beforeDelete (event){\n /* Add Your Logic Here\t\n\t//apis.utility.logger.debug();\n\t*/\n}",
        "eventName": "beforeDelete",
        "_v": 1
    },
    {
        "_id": "S1axE4C4Wdd",
        "_deleted": false,
        "_createdAt": "2021-05-06T10:00:11.835Z",
        "_modifiedAt": "2021-05-06T10:00:11.835Z",
        "_lv": 0,
        "deploymentVersion": 1,
        "enabled": false,
        "backendId": "SJ0QAE-uu",
        "modelId": "Organization",
        "event": "function beforeRead (event){\n /* Add Your Logic Here\t\n\t//apis.utility.logger.debug();\n\t*/\n}",
        "eventName": "beforeRead",
        "_v": 1
    },
    {
        "_id": "HJhlVERVZO_",
        "_deleted": false,
        "_createdAt": "2021-05-06T10:00:11.834Z",
        "_modifiedAt": "2021-05-06T10:00:11.834Z",
        "_lv": 0,
        "deploymentVersion": 1,
        "enabled": false,
        "backendId": "SJ0QAE-uu",
        "modelId": "Organization",
        "event": "function beforeSave (event){\n /* Add Your Logic Here\t\n\t//apis.utility.logger.debug();\n\t*/\n}",
        "eventName": "beforeSave",
        "_v": 1
    },
    {
        "_id": "H16GVVRE-Od",
        "_deleted": false,
        "_createdAt": "2021-05-06T10:00:11.927Z",
        "_modifiedAt": "2021-05-06T10:00:11.927Z",
        "_lv": 0,
        "deploymentVersion": 1,
        "enabled": false,
        "backendId": "SJ0QAE-uu",
        "modelId": "OrganizationDomain",
        "event": "function afterDelete (event){\n /* Add Your Logic Here\t\n\t//apis.utility.logger.debug();\n\t*/\n}",
        "eventName": "afterDelete",
        "_v": 1
    },
    {
        "_id": "Byk-NVCEZ_d",
        "_deleted": false,
        "_createdAt": "2021-05-06T10:00:11.864Z",
        "_modifiedAt": "2021-05-06T10:00:11.864Z",
        "_lv": 0,
        "deploymentVersion": 1,
        "enabled": false,
        "backendId": "SJ0QAE-uu",
        "modelId": "OrganizationDomain",
        "event": "function afterRead (event){\n /* Add Your Logic Here\t\n\t//apis.utility.logger.debug();\n\t*/\n}",
        "eventName": "afterRead",
        "_v": 1
    },
    {
        "_id": "Bk9ZV4AN-u_",
        "_deleted": false,
        "_createdAt": "2021-05-06T10:00:11.889Z",
        "_modifiedAt": "2021-05-06T10:00:11.889Z",
        "_lv": 0,
        "deploymentVersion": 1,
        "enabled": false,
        "backendId": "SJ0QAE-uu",
        "modelId": "OrganizationDomain",
        "event": "function afterSave (event){\n /* Add Your Logic Here\t\n\t//apis.utility.logger.debug();\n\t*/\n}",
        "eventName": "afterSave",
        "_v": 1
    },
    {
        "_id": "B1MMEEREZ_O",
        "_deleted": false,
        "_createdAt": "2021-05-06T10:00:11.905Z",
        "_modifiedAt": "2021-05-06T10:00:11.905Z",
        "_lv": 0,
        "deploymentVersion": 1,
        "enabled": false,
        "backendId": "SJ0QAE-uu",
        "modelId": "OrganizationDomain",
        "event": "function beforeDelete (event){\n /* Add Your Logic Here\t\n\t//apis.utility.logger.debug();\n\t*/\n}",
        "eventName": "beforeDelete",
        "_v": 1
    },
    {
        "_id": "rkOmEVA4-_d",
        "_deleted": false,
        "_createdAt": "2021-05-06T10:00:11.937Z",
        "_modifiedAt": "2021-05-06T10:00:11.937Z",
        "_lv": 0,
        "deploymentVersion": 1,
        "enabled": false,
        "backendId": "SJ0QAE-uu",
        "modelId": "OrganizationDomain",
        "event": "function beforeRead (event){\n /* Add Your Logic Here\t\n\t//apis.utility.logger.debug();\n\t*/\n}",
        "eventName": "beforeRead",
        "_v": 1
    },
    {
        "_id": "SJlxVN0NbOO",
        "_deleted": false,
        "_createdAt": "2021-05-06T10:00:11.820Z",
        "_modifiedAt": "2021-05-06T10:00:11.820Z",
        "_lv": 0,
        "deploymentVersion": 1,
        "enabled": false,
        "backendId": "SJ0QAE-uu",
        "modelId": "OrganizationDomain",
        "event": "function beforeSave (event){\n /* Add Your Logic Here\t\n\t//apis.utility.logger.debug();\n\t*/\n}",
        "eventName": "beforeSave",
        "_v": 1
    },
    {
        "_id": "HysEV0E-du",
        "_deleted": false,
        "_createdAt": "2021-05-06T10:00:11.806Z",
        "_modifiedAt": "2021-05-06T10:00:11.806Z",
        "_lv": 0,
        "deploymentVersion": 1,
        "enabled": false,
        "backendId": "SJ0QAE-uu",
        "modelId": "Rule",
        "event": "function afterDelete (event){\n /* Add Your Logic Here\t\n\t//apis.utility.logger.debug();\n\t*/\n}",
        "eventName": "afterDelete",
        "_v": 1
    },
    {
        "_id": "SyBWNVCNbdu",
        "_deleted": false,
        "_createdAt": "2021-05-06T10:00:11.871Z",
        "_modifiedAt": "2021-05-06T10:00:11.871Z",
        "_lv": 0,
        "deploymentVersion": 1,
        "enabled": false,
        "backendId": "SJ0QAE-uu",
        "modelId": "Rule",
        "event": "function afterRead (event){\n /* Add Your Logic Here\t\n\t//apis.utility.logger.debug();\n\t*/\n}",
        "eventName": "afterRead",
        "_v": 1
    },
    {
        "_id": "H1OMNEAV-u_",
        "_deleted": false,
        "_createdAt": "2021-05-06T10:00:11.915Z",
        "_modifiedAt": "2021-05-06T10:00:11.915Z",
        "_lv": 0,
        "deploymentVersion": 1,
        "enabled": false,
        "backendId": "SJ0QAE-uu",
        "modelId": "Rule",
        "event": "function afterSave (event){\n /* Add Your Logic Here\t\n\t//apis.utility.logger.debug();\n\t*/\n}",
        "eventName": "afterSave",
        "_v": 1
    },
    {
        "_id": "rJXQ4NC4buO",
        "_deleted": false,
        "_createdAt": "2021-05-06T10:00:11.933Z",
        "_modifiedAt": "2021-05-06T10:00:11.933Z",
        "_lv": 0,
        "deploymentVersion": 1,
        "enabled": false,
        "backendId": "SJ0QAE-uu",
        "modelId": "Rule",
        "event": "function beforeDelete (event){\n /* Add Your Logic Here\t\n\t//apis.utility.logger.debug();\n\t*/\n}",
        "eventName": "beforeDelete",
        "_v": 1
    },
    {
        "_id": "HJGZNV0VWdd",
        "_deleted": false,
        "_createdAt": "2021-05-06T10:00:11.868Z",
        "_modifiedAt": "2021-05-06T10:00:11.868Z",
        "_lv": 0,
        "deploymentVersion": 1,
        "enabled": false,
        "backendId": "SJ0QAE-uu",
        "modelId": "Rule",
        "event": "function beforeRead (event){\n /* Add Your Logic Here\t\n\t//apis.utility.logger.debug();\n\t*/\n}",
        "eventName": "beforeRead",
        "_v": 1
    },
    {
        "_id": "ByEWVNCNZOu",
        "_deleted": false,
        "_createdAt": "2021-05-06T10:00:11.870Z",
        "_modifiedAt": "2021-05-06T10:00:11.870Z",
        "_lv": 0,
        "deploymentVersion": 1,
        "enabled": false,
        "backendId": "SJ0QAE-uu",
        "modelId": "Rule",
        "event": "function beforeSave (event){\n /* Add Your Logic Here\t\n\t//apis.utility.logger.debug();\n\t*/\n}",
        "eventName": "beforeSave",
        "_v": 1
    },
    {
        "_id": "Bk0bVV0VWdu",
        "_deleted": false,
        "_createdAt": "2021-05-06T10:00:11.894Z",
        "_modifiedAt": "2021-05-06T10:00:11.894Z",
        "_lv": 0,
        "deploymentVersion": 1,
        "enabled": false,
        "backendId": "SJ0QAE-uu",
        "modelId": "User",
        "event": "function afterDelete (event){\n /* Add Your Logic Here\t\n\t//apis.utility.logger.debug();\n\t*/\n}",
        "eventName": "afterDelete",
        "_v": 1
    },
    {
        "_id": "BJ-QNECEbud",
        "_deleted": false,
        "_createdAt": "2021-05-06T10:00:11.930Z",
        "_modifiedAt": "2021-05-06T10:00:11.930Z",
        "_lv": 0,
        "deploymentVersion": 1,
        "enabled": false,
        "backendId": "SJ0QAE-uu",
        "modelId": "User",
        "event": "function afterRead (event){\n /* Add Your Logic Here\t\n\t//apis.utility.logger.debug();\n\t*/\n}",
        "eventName": "afterRead",
        "_v": 1
    },
    {
        "_id": "B1i7NVA4-O_",
        "_deleted": false,
        "_createdAt": "2021-05-06T10:00:11.940Z",
        "_modifiedAt": "2021-05-06T10:00:11.940Z",
        "_lv": 0,
        "deploymentVersion": 1,
        "enabled": false,
        "backendId": "SJ0QAE-uu",
        "modelId": "User",
        "event": "function afterSave (event){\n /* Add Your Logic Here\t\n\t//apis.utility.logger.debug();\n\t*/\n}",
        "eventName": "afterSave",
        "_v": 1
    },
    {
        "_id": "ByvZVEA4Z__",
        "_deleted": false,
        "_createdAt": "2021-05-06T10:00:11.886Z",
        "_modifiedAt": "2021-05-06T10:00:11.886Z",
        "_lv": 0,
        "deploymentVersion": 1,
        "enabled": false,
        "backendId": "SJ0QAE-uu",
        "modelId": "User",
        "event": "function beforeDelete (event){\n /* Add Your Logic Here\t\n\t//apis.utility.logger.debug();\n\t*/\n}",
        "eventName": "beforeDelete",
        "_v": 1
    },
    {
        "_id": "ryUME404-du",
        "_deleted": false,
        "_createdAt": "2021-05-06T10:00:11.914Z",
        "_modifiedAt": "2021-05-06T10:00:11.914Z",
        "_lv": 0,
        "deploymentVersion": 1,
        "enabled": false,
        "backendId": "SJ0QAE-uu",
        "modelId": "User",
        "event": "function beforeRead (event){\n /* Add Your Logic Here\t\n\t//apis.utility.logger.debug();\n\t*/\n}",
        "eventName": "beforeRead",
        "_v": 1
    },
    {
        "_id": "SJeXEV0VZuO",
        "_deleted": false,
        "_createdAt": "2021-05-06T10:00:11.930Z",
        "_modifiedAt": "2021-05-06T10:00:11.930Z",
        "_lv": 0,
        "deploymentVersion": 1,
        "enabled": false,
        "backendId": "SJ0QAE-uu",
        "modelId": "User",
        "event": "function beforeSave (event){\n /* Add Your Logic Here\t\n\t//apis.utility.logger.debug();\n\t*/\n}",
        "eventName": "beforeSave",
        "_v": 1
    },
    {
        "_id": "HyBe44AEWud",
        "_deleted": false,
        "_createdAt": "2021-05-06T10:00:11.823Z",
        "_modifiedAt": "2021-05-06T10:00:11.823Z",
        "_lv": 0,
        "deploymentVersion": 1,
        "enabled": false,
        "backendId": "SJ0QAE-uu",
        "modelId": "Workflow",
        "event": "function afterDelete (event){\n /* Add Your Logic Here\t\n\t//apis.utility.logger.debug();\n\t*/\n}",
        "eventName": "afterDelete",
        "_v": 1
    },
    {
        "_id": "S1MgNVAVZO_",
        "_deleted": false,
        "_createdAt": "2021-05-06T10:00:11.821Z",
        "_modifiedAt": "2021-05-06T10:00:11.821Z",
        "_lv": 0,
        "deploymentVersion": 1,
        "enabled": false,
        "backendId": "SJ0QAE-uu",
        "modelId": "Workflow",
        "event": "function afterRead (event){\n /* Add Your Logic Here\t\n\t//apis.utility.logger.debug();\n\t*/\n}",
        "eventName": "afterRead",
        "_v": 1
    },
    {
        "_id": "H1-xN4AN-ud",
        "_deleted": false,
        "_createdAt": "2021-05-06T10:00:11.821Z",
        "_modifiedAt": "2021-05-06T10:00:11.821Z",
        "_lv": 0,
        "deploymentVersion": 1,
        "enabled": false,
        "backendId": "SJ0QAE-uu",
        "modelId": "Workflow",
        "event": "function afterSave (event){\n /* Add Your Logic Here\t\n\t//apis.utility.logger.debug();\n\t*/\n}",
        "eventName": "afterSave",
        "_v": 1
    },
    {
        "_id": "S1olEVCNWdO",
        "_deleted": false,
        "_createdAt": "2021-05-06T10:00:11.834Z",
        "_modifiedAt": "2021-05-06T10:00:11.834Z",
        "_lv": 0,
        "deploymentVersion": 1,
        "enabled": false,
        "backendId": "SJ0QAE-uu",
        "modelId": "Workflow",
        "event": "function beforeDelete (event){\n /* Add Your Logic Here\t\n\t//apis.utility.logger.debug();\n\t*/\n}",
        "eventName": "beforeDelete",
        "_v": 1
    },
    {
        "_id": "SyYlV4A4WOu",
        "_deleted": false,
        "_createdAt": "2021-05-06T10:00:11.826Z",
        "_modifiedAt": "2021-05-06T10:00:11.826Z",
        "_lv": 0,
        "deploymentVersion": 1,
        "enabled": false,
        "backendId": "SJ0QAE-uu",
        "modelId": "Workflow",
        "event": "function beforeRead (event){\n /* Add Your Logic Here\t\n\t//apis.utility.logger.debug();\n\t*/\n}",
        "eventName": "beforeRead",
        "_v": 1
    },
    {
        "_id": "rJ_x4VC4-u_",
        "_deleted": false,
        "_createdAt": "2021-05-06T10:00:11.825Z",
        "_modifiedAt": "2021-05-06T10:00:11.825Z",
        "_lv": 0,
        "deploymentVersion": 1,
        "enabled": false,
        "backendId": "SJ0QAE-uu",
        "modelId": "Workflow",
        "event": "function beforeSave (event){\n /* Add Your Logic Here\t\n\t//apis.utility.logger.debug();\n\t*/\n}",
        "eventName": "beforeSave",
        "_v": 1
    },
    {
        "_id": "Byx7bAqMOd",
        "_deleted": false,
        "_createdAt": "2021-05-07T11:01:14.725Z",
        "_modifiedAt": "2021-05-07T11:01:14.725Z",
        "_lv": 0,
        "deploymentVersion": 2,
        "enabled": false,
        "backendId": "SJ0QAE-uu",
        "modelId": "fgdfffffg",
        "event": "function afterDelete (event){\n /* Add Your Logic Here\t\n\t//apis.utility.logger.debug();\n\t*/\n}",
        "eventName": "afterDelete",
        "_v": 1
    },
    {
        "_id": "S1r7-R9zd_",
        "_deleted": false,
        "_createdAt": "2021-05-07T11:01:14.756Z",
        "_modifiedAt": "2021-05-07T11:01:14.756Z",
        "_lv": 0,
        "deploymentVersion": 2,
        "enabled": false,
        "backendId": "SJ0QAE-uu",
        "modelId": "fgdfffffg",
        "event": "function afterRead (event){\n /* Add Your Logic Here\t\n\t//apis.utility.logger.debug();\n\t*/\n}",
        "eventName": "afterRead",
        "_v": 1
    },
    {
        "_id": "rkMQbRcMu_",
        "_deleted": false,
        "_createdAt": "2021-05-07T11:01:14.739Z",
        "_modifiedAt": "2021-05-07T11:01:14.739Z",
        "_lv": 0,
        "deploymentVersion": 2,
        "enabled": false,
        "backendId": "SJ0QAE-uu",
        "modelId": "fgdfffffg",
        "event": "function afterSave (event){\n /* Add Your Logic Here\t\n\t//apis.utility.logger.debug();\n\t*/\n}",
        "eventName": "afterSave",
        "_v": 1
    },
    {
        "_id": "rk77b05zud",
        "_deleted": false,
        "_createdAt": "2021-05-07T11:01:14.740Z",
        "_modifiedAt": "2021-05-07T11:01:14.740Z",
        "_lv": 0,
        "deploymentVersion": 2,
        "enabled": false,
        "backendId": "SJ0QAE-uu",
        "modelId": "fgdfffffg",
        "event": "function beforeDelete (event){\n /* Add Your Logic Here\t\n\t//apis.utility.logger.debug();\n\t*/\n}",
        "eventName": "beforeDelete",
        "_v": 1
    },
    {
        "_id": "rk4QWA5M_u",
        "_deleted": false,
        "_createdAt": "2021-05-07T11:01:14.751Z",
        "_modifiedAt": "2021-05-07T11:01:14.751Z",
        "_lv": 0,
        "deploymentVersion": 2,
        "enabled": false,
        "backendId": "SJ0QAE-uu",
        "modelId": "fgdfffffg",
        "event": "function beforeRead (event){\n /* Add Your Logic Here\t\n\t//apis.utility.logger.debug();\n\t*/\n}",
        "eventName": "beforeRead",
        "_v": 1
    },
    {
        "_id": "rybXWC5f_d",
        "_deleted": false,
        "_createdAt": "2021-05-07T11:01:14.738Z",
        "_modifiedAt": "2021-05-07T11:01:14.738Z",
        "_lv": 0,
        "deploymentVersion": 2,
        "enabled": false,
        "backendId": "SJ0QAE-uu",
        "modelId": "fgdfffffg",
        "event": "function beforeSave (event){\n /* Add Your Logic Here\t\n\t//apis.utility.logger.debug();\n\t*/\n}",
        "eventName": "beforeSave",
        "_v": 1
    },
    {
        "_id": "r1W-yYaGu_",
        "_deleted": false,
        "_createdAt": "2021-05-07T14:04:09.209Z",
        "_modifiedAt": "2021-05-07T14:04:09.209Z",
        "_lv": 0,
        "deploymentVersion": 3,
        "enabled": false,
        "backendId": "SJ0QAE-uu",
        "modelId": "fghgjghj",
        "event": "function afterDelete (event){\n /* Add Your Logic Here\t\n\t//apis.utility.logger.debug();\n\t*/\n}",
        "eventName": "afterDelete",
        "_v": 1
    },
    {
        "_id": "B14-1F6f_u",
        "_deleted": false,
        "_createdAt": "2021-05-07T14:04:09.211Z",
        "_modifiedAt": "2021-05-07T14:04:09.211Z",
        "_lv": 0,
        "deploymentVersion": 3,
        "enabled": false,
        "backendId": "SJ0QAE-uu",
        "modelId": "fghgjghj",
        "event": "function afterRead (event){\n /* Add Your Logic Here\t\n\t//apis.utility.logger.debug();\n\t*/\n}",
        "eventName": "afterRead",
        "_v": 1
    },
    {
        "_id": "SJGW1t6f__",
        "_deleted": false,
        "_createdAt": "2021-05-07T14:04:09.210Z",
        "_modifiedAt": "2021-05-07T14:04:09.210Z",
        "_lv": 0,
        "deploymentVersion": 3,
        "enabled": false,
        "backendId": "SJ0QAE-uu",
        "modelId": "fghgjghj",
        "event": "function afterSave (event){\n /* Add Your Logic Here\t\n\t//apis.utility.logger.debug();\n\t*/\n}",
        "eventName": "afterSave",
        "_v": 1
    },
    {
        "_id": "SyLWkt6Md_",
        "_deleted": false,
        "_createdAt": "2021-05-07T14:04:09.212Z",
        "_modifiedAt": "2021-05-07T14:04:09.212Z",
        "_lv": 0,
        "deploymentVersion": 3,
        "enabled": false,
        "backendId": "SJ0QAE-uu",
        "modelId": "fghgjghj",
        "event": "function beforeDelete (event){\n /* Add Your Logic Here\t\n\t//apis.utility.logger.debug();\n\t*/\n}",
        "eventName": "beforeDelete",
        "_v": 1
    },
    {
        "_id": "r1rZ1K6fOu",
        "_deleted": false,
        "_createdAt": "2021-05-07T14:04:09.211Z",
        "_modifiedAt": "2021-05-07T14:04:09.211Z",
        "_lv": 0,
        "deploymentVersion": 3,
        "enabled": false,
        "backendId": "SJ0QAE-uu",
        "modelId": "fghgjghj",
        "event": "function beforeRead (event){\n /* Add Your Logic Here\t\n\t//apis.utility.logger.debug();\n\t*/\n}",
        "eventName": "beforeRead",
        "_v": 1
    },
    {
        "_id": "BJm-1YaMdu",
        "_deleted": false,
        "_createdAt": "2021-05-07T14:04:09.210Z",
        "_modifiedAt": "2021-05-07T14:04:09.210Z",
        "_lv": 0,
        "deploymentVersion": 3,
        "enabled": false,
        "backendId": "SJ0QAE-uu",
        "modelId": "fghgjghj",
        "event": "function beforeSave (event){\n /* Add Your Logic Here\t\n\t//apis.utility.logger.debug();\n\t*/\n}",
        "eventName": "beforeSave",
        "_v": 1
    },
    {
        "_id": "HynGNEAN-__",
        "_deleted": false,
        "_createdAt": "2021-05-06T10:00:11.925Z",
        "_modifiedAt": "2021-05-06T10:00:11.925Z",
        "_lv": 0,
        "deploymentVersion": 1,
        "enabled": false,
        "backendId": "SJ0QAE-uu",
        "modelId": "jobDetail",
        "event": "function afterDelete (event){\n /* Add Your Logic Here\t\n\t//apis.utility.logger.debug();\n\t*/\n}",
        "eventName": "afterDelete",
        "_v": 1
    },
    {
        "_id": "BJJxV4ANZOO",
        "_deleted": false,
        "_createdAt": "2021-05-06T10:00:11.820Z",
        "_modifiedAt": "2021-05-06T10:00:11.820Z",
        "_lv": 0,
        "deploymentVersion": 1,
        "enabled": false,
        "backendId": "SJ0QAE-uu",
        "modelId": "jobDetail",
        "event": "function afterRead (event){\n /* Add Your Logic Here\t\n\t//apis.utility.logger.debug();\n\t*/\n}",
        "eventName": "afterRead",
        "_v": 1
    },
    {
        "_id": "HkKZVV0VWdu",
        "_deleted": false,
        "_createdAt": "2021-05-06T10:00:11.888Z",
        "_modifiedAt": "2021-05-06T10:00:11.888Z",
        "_lv": 0,
        "deploymentVersion": 1,
        "enabled": false,
        "backendId": "SJ0QAE-uu",
        "modelId": "jobDetail",
        "event": "function afterSave (event){\n /* Add Your Logic Here\t\n\t//apis.utility.logger.debug();\n\t*/\n}",
        "eventName": "afterSave",
        "_v": 1
    },
    {
        "_id": "BJWG440VWud",
        "_deleted": false,
        "_createdAt": "2021-05-06T10:00:11.900Z",
        "_modifiedAt": "2021-05-06T10:00:11.900Z",
        "_lv": 0,
        "deploymentVersion": 1,
        "enabled": false,
        "backendId": "SJ0QAE-uu",
        "modelId": "jobDetail",
        "event": "function beforeDelete (event){\n /* Add Your Logic Here\t\n\t//apis.utility.logger.debug();\n\t*/\n}",
        "eventName": "beforeDelete",
        "_v": 1
    },
    {
        "_id": "rJwQ4404W_u",
        "_deleted": false,
        "_createdAt": "2021-05-06T10:00:11.936Z",
        "_modifiedAt": "2021-05-06T10:00:11.936Z",
        "_lv": 0,
        "deploymentVersion": 1,
        "enabled": false,
        "backendId": "SJ0QAE-uu",
        "modelId": "jobDetail",
        "event": "function beforeRead (event){\n /* Add Your Logic Here\t\n\t//apis.utility.logger.debug();\n\t*/\n}",
        "eventName": "beforeRead",
        "_v": 1
    },
    {
        "_id": "r1R4VRV-u_",
        "_deleted": false,
        "_createdAt": "2021-05-06T10:00:11.815Z",
        "_modifiedAt": "2021-05-06T10:00:11.815Z",
        "_lv": 0,
        "deploymentVersion": 1,
        "enabled": false,
        "backendId": "SJ0QAE-uu",
        "modelId": "jobDetail",
        "event": "function beforeSave (event){\n /* Add Your Logic Here\t\n\t//apis.utility.logger.debug();\n\t*/\n}",
        "eventName": "beforeSave",
        "_v": 1
    },
    {
        "_id": "HJIW4N0E-u_",
        "_deleted": false,
        "_createdAt": "2021-05-06T10:00:11.884Z",
        "_modifiedAt": "2021-05-06T10:00:11.884Z",
        "_lv": 0,
        "deploymentVersion": 1,
        "enabled": false,
        "backendId": "SJ0QAE-uu",
        "modelId": "mapping",
        "event": "function afterDelete (event){\n /* Add Your Logic Here\t\n\t//apis.utility.logger.debug();\n\t*/\n}",
        "eventName": "afterDelete",
        "_v": 1
    },
    {
        "_id": "HJrzEE0Nbud",
        "_deleted": false,
        "_createdAt": "2021-05-06T10:00:11.912Z",
        "_modifiedAt": "2021-05-06T10:00:11.912Z",
        "_lv": 0,
        "deploymentVersion": 1,
        "enabled": false,
        "backendId": "SJ0QAE-uu",
        "modelId": "mapping",
        "event": "function afterRead (event){\n /* Add Your Logic Here\t\n\t//apis.utility.logger.debug();\n\t*/\n}",
        "eventName": "afterRead",
        "_v": 1
    },
    {
        "_id": "HJyXEECEb_u",
        "_deleted": false,
        "_createdAt": "2021-05-06T10:00:11.929Z",
        "_modifiedAt": "2021-05-06T10:00:11.929Z",
        "_lv": 0,
        "deploymentVersion": 1,
        "enabled": false,
        "backendId": "SJ0QAE-uu",
        "modelId": "mapping",
        "event": "function afterSave (event){\n /* Add Your Logic Here\t\n\t//apis.utility.logger.debug();\n\t*/\n}",
        "eventName": "afterSave",
        "_v": 1
    },
    {
        "_id": "BkcQNEREZuu",
        "_deleted": false,
        "_createdAt": "2021-05-06T10:00:11.939Z",
        "_modifiedAt": "2021-05-06T10:00:11.939Z",
        "_lv": 0,
        "deploymentVersion": 1,
        "enabled": false,
        "backendId": "SJ0QAE-uu",
        "modelId": "mapping",
        "event": "function beforeDelete (event){\n /* Add Your Logic Here\t\n\t//apis.utility.logger.debug();\n\t*/\n}",
        "eventName": "beforeDelete",
        "_v": 1
    },
    {
        "_id": "BJ6ZVNC4b_u",
        "_deleted": false,
        "_createdAt": "2021-05-06T10:00:11.893Z",
        "_modifiedAt": "2021-05-06T10:00:11.893Z",
        "_lv": 0,
        "deploymentVersion": 1,
        "enabled": false,
        "backendId": "SJ0QAE-uu",
        "modelId": "mapping",
        "event": "function beforeRead (event){\n /* Add Your Logic Here\t\n\t//apis.utility.logger.debug();\n\t*/\n}",
        "eventName": "beforeRead",
        "_v": 1
    },
    {
        "_id": "SkNfVVRE-__",
        "_deleted": false,
        "_createdAt": "2021-05-06T10:00:11.908Z",
        "_modifiedAt": "2021-05-06T10:00:11.908Z",
        "_lv": 0,
        "deploymentVersion": 1,
        "enabled": false,
        "backendId": "SJ0QAE-uu",
        "modelId": "mapping",
        "event": "function beforeSave (event){\n /* Add Your Logic Here\t\n\t//apis.utility.logger.debug();\n\t*/\n}",
        "eventName": "beforeSave",
        "_v": 1
    },
    {
        "_id": "H1YQVE04bOd",
        "_deleted": false,
        "_createdAt": "2021-05-06T10:00:11.938Z",
        "_modifiedAt": "2021-05-06T10:00:11.938Z",
        "_lv": 0,
        "deploymentVersion": 1,
        "enabled": false,
        "backendId": "SJ0QAE-uu",
        "modelId": "s3ObjectRoleMapping",
        "event": "function afterDelete (event){\n /* Add Your Logic Here\t\n\t//apis.utility.logger.debug();\n\t*/\n}",
        "eventName": "afterDelete",
        "_v": 1
    },
    {
        "_id": "B13Z4NCNbOu",
        "_deleted": false,
        "_createdAt": "2021-05-06T10:00:11.892Z",
        "_modifiedAt": "2021-05-06T10:00:11.892Z",
        "_lv": 0,
        "deploymentVersion": 1,
        "enabled": false,
        "backendId": "SJ0QAE-uu",
        "modelId": "s3ObjectRoleMapping",
        "event": "function afterRead (event){\n /* Add Your Logic Here\t\n\t//apis.utility.logger.debug();\n\t*/\n}",
        "eventName": "afterRead",
        "_v": 1
    },
    {
        "_id": "SkQzNERVbdu",
        "_deleted": false,
        "_createdAt": "2021-05-06T10:00:11.907Z",
        "_modifiedAt": "2021-05-06T10:00:11.907Z",
        "_lv": 0,
        "deploymentVersion": 1,
        "enabled": false,
        "backendId": "SJ0QAE-uu",
        "modelId": "s3ObjectRoleMapping",
        "event": "function afterSave (event){\n /* Add Your Logic Here\t\n\t//apis.utility.logger.debug();\n\t*/\n}",
        "eventName": "afterSave",
        "_v": 1
    },
    {
        "_id": "HkCfNNA4-O_",
        "_deleted": false,
        "_createdAt": "2021-05-06T10:00:11.927Z",
        "_modifiedAt": "2021-05-06T10:00:11.927Z",
        "_lv": 0,
        "deploymentVersion": 1,
        "enabled": false,
        "backendId": "SJ0QAE-uu",
        "modelId": "s3ObjectRoleMapping",
        "event": "function beforeDelete (event){\n /* Add Your Logic Here\t\n\t//apis.utility.logger.debug();\n\t*/\n}",
        "eventName": "beforeDelete",
        "_v": 1
    },
    {
        "_id": "S1ebNVAEbdO",
        "_deleted": false,
        "_createdAt": "2021-05-06T10:00:11.865Z",
        "_modifiedAt": "2021-05-06T10:00:11.865Z",
        "_lv": 0,
        "deploymentVersion": 1,
        "enabled": false,
        "backendId": "SJ0QAE-uu",
        "modelId": "s3ObjectRoleMapping",
        "event": "function beforeRead (event){\n /* Add Your Logic Here\t\n\t//apis.utility.logger.debug();\n\t*/\n}",
        "eventName": "beforeRead",
        "_v": 1
    },
    {
        "_id": "rJoZNVA4ZdO",
        "_deleted": false,
        "_createdAt": "2021-05-06T10:00:11.891Z",
        "_modifiedAt": "2021-05-06T10:00:11.891Z",
        "_lv": 0,
        "deploymentVersion": 1,
        "enabled": false,
        "backendId": "SJ0QAE-uu",
        "modelId": "s3ObjectRoleMapping",
        "event": "function beforeSave (event){\n /* Add Your Logic Here\t\n\t//apis.utility.logger.debug();\n\t*/\n}",
        "eventName": "beforeSave",
        "_v": 1
    }
]