{
    "resources": [
        "working",
        "relations",
        "extensionmethods",
        "events"
    ],
    "oldBackendRecord": {
        "_id": "SyMfbiPuu",
        "name": "turquoiseeel",
        "description": "",
        "uniquename": "turquoiseeel",
        "appId": "bitpod",
        "cors": {
            "maxAge": 86400,
            "credentials": true,
            "origin": true
        },
        "routes": [
            {
                "value": "/index.html",
                "key": "*"
            }
        ],
        "status": 235,
        "_createdBy": "bhagyshree@bitpod.io",
        "_createdAt": "2021-05-11T06:15:38.495Z",
        "_updatedBy": "bhagyshree@bitpod.io",
        "schemaversion": "2.0",
        "maintenance": {
            "ETA": 0,
            "reason": 0,
            "active": false
        },
        "database": {
            "name": "bitpod_turquoiseeel_l3825",
            "password": "kuj0s",
            "username": "x36a2"
        },
        "instance": {
            "deploymentJson": {
                "endPoints": {
                    "mongodb": {
                        "subsets": [
                            {
                                "ports": [
                                    {
                                        "protocol": "TCP",
                                        "port": 27017
                                    }
                                ],
                                "addresses": [
                                    {
                                        "ip": ""
                                    }
                                ]
                            }
                        ],
                        "metadata": {
                            "name": "mongodb"
                        },
                        "apiVersion": "v1",
                        "kind": "Endpoints"
                    }
                },
                "sfs": {
                    "nginx": {
                        "spec": {
                            "template": {
                                "spec": {
                                    "containers": [
                                        {
                                            "ports": [
                                                {
                                                    "containerPort": 8085,
                                                    "name": "web"
                                                }
                                            ],
                                            "image": "bitpod/dev-instanceproxy:fix_5238-211e0c5f",
                                            "name": "nginx"
                                        }
                                    ]
                                },
                                "metadata": {
                                    "labels": {
                                        "tier": "proxy",
                                        "app": "backend"
                                    }
                                }
                            },
                            "replicas": 1,
                            "serviceName": "nginx"
                        },
                        "metadata": {
                            "name": "nginx",
                            "namespace": "dev-bitpod-turquoiseeel"
                        },
                        "kind": "StatefulSet",
                        "apiVersion": "apps/v1beta1"
                    },
                    "bm": {
                        "spec": {
                            "template": {
                                "spec": {
                                    "volumes": [
                                        {
                                            "name": "code"
                                        },
                                        {
                                            "name": "download"
                                        }
                                    ],
                                    "containers": [
                                        {
                                            "readinessProbe": {
                                                "periodSeconds": 5,
                                                "initialDelaySeconds": 5,
                                                "httpGet": {
                                                    "port": 3001,
                                                    "path": "/healthz/"
                                                }
                                            },
                                            "volumeMounts": [
                                                {
                                                    "mountPath": "/var/code",
                                                    "name": "code"
                                                },
                                                {
                                                    "mountPath": "/var/download",
                                                    "name": "download"
                                                }
                                            ],
                                            "ports": [
                                                {
                                                    "containerPort": 3001,
                                                    "name": "web"
                                                }
                                            ],
                                            "env": [
                                                {
                                                    "value": "/var/download",
                                                    "name": "DOWNLOAD_PATH"
                                                },
                                                {
                                                    "value": "https://outlook.office.com/webhook/28b98568-d712-43b0-acab-dc662d48af10@6afcd346-7cb2-46db-897d-c639dbdf0449/IncomingWebhook/04e0ec50319d44c883b86e0f0f7f8d7f/3c5aff45-eca1-4c5b-bec5-6e3876b0c31b",
                                                    "name": "WEBHOOK_URL"
                                                },
                                                {
                                                    "value": "https://outlook.office.com/webhook/28b98568-d712-43b0-acab-dc662d48af10@6afcd346-7cb2-46db-897d-c639dbdf0449/IncomingWebhook/5d616aff7a164791aa8a30adc42ea48e/3c5aff45-eca1-4c5b-bec5-6e3876b0c31b",
                                                    "name": "WEBHOOK_ERRORS_URL"
                                                },
                                                {
                                                    "value": "x36a2",
                                                    "name": "MONGO_USER"
                                                },
                                                {
                                                    "value": "kuj0s",
                                                    "name": "MONGO_PASSWORD"
                                                },
                                                {
                                                    "value": "bitpod_turquoiseeel_l3825",
                                                    "name": "MONGO_DATABASE"
                                                },
                                                {
                                                    "valueFrom": {
                                                        "fieldRef": {
                                                            "fieldPath": "metadata.namespace"
                                                        }
                                                    },
                                                    "name": "POD_NAMESPACE"
                                                },
                                                {
                                                    "value": "bm",
                                                    "name": "TIER"
                                                }
                                            ],
                                            "image": "bitpod/dev-baasinstance:bug_5255-2999f3f3",
                                            "name": "bm"
                                        }
                                    ]
                                },
                                "metadata": {
                                    "labels": {
                                        "tier": "bm",
                                        "app": "backend"
                                    }
                                }
                            },
                            "replicas": 1,
                            "serviceName": "bm"
                        },
                        "metadata": {
                            "name": "bm",
                            "namespace": "dev-bitpod-turquoiseeel"
                        },
                        "kind": "StatefulSet",
                        "apiVersion": "apps/v1beta1"
                    },
                    "engine": {
                        "spec": {
                            "template": {
                                "spec": {
                                    "volumes": [
                                        {
                                            "name": "code"
                                        },
                                        {
                                            "name": "download"
                                        }
                                    ],
                                    "containers": [
                                        {
                                            "volumeMounts": [
                                                {
                                                    "mountPath": "/var/code",
                                                    "name": "code"
                                                },
                                                {
                                                    "mountPath": "/var/download",
                                                    "name": "download"
                                                }
                                            ],
                                            "ports": [
                                                {
                                                    "containerPort": 3000,
                                                    "name": "web"
                                                }
                                            ],
                                            "env": [
                                                {
                                                    "value": "/var/download",
                                                    "name": "DOWNLOAD_PATH"
                                                },
                                                {
                                                    "value": "https://outlook.office.com/webhook/28b98568-d712-43b0-acab-dc662d48af10@6afcd346-7cb2-46db-897d-c639dbdf0449/IncomingWebhook/04e0ec50319d44c883b86e0f0f7f8d7f/3c5aff45-eca1-4c5b-bec5-6e3876b0c31b",
                                                    "name": "WEBHOOK_URL"
                                                },
                                                {
                                                    "value": "https://outlook.office.com/webhook/28b98568-d712-43b0-acab-dc662d48af10@6afcd346-7cb2-46db-897d-c639dbdf0449/IncomingWebhook/5d616aff7a164791aa8a30adc42ea48e/3c5aff45-eca1-4c5b-bec5-6e3876b0c31b",
                                                    "name": "WEBHOOK_ERRORS_URL"
                                                },
                                                {
                                                    "value": "x36a2",
                                                    "name": "MONGO_USER"
                                                },
                                                {
                                                    "value": "kuj0s",
                                                    "name": "MONGO_PASSWORD"
                                                },
                                                {
                                                    "value": "bitpod_turquoiseeel_l3825",
                                                    "name": "MONGO_DATABASE"
                                                },
                                                {
                                                    "value": "turquoiseeel",
                                                    "name": "TENANT_ID"
                                                },
                                                {
                                                    "valueFrom": {
                                                        "fieldRef": {
                                                            "fieldPath": "metadata.namespace"
                                                        }
                                                    },
                                                    "name": "POD_NAMESPACE"
                                                },
                                                {
                                                    "value": "engine",
                                                    "name": "TIER"
                                                },
                                                {
                                                    "value": "engine",
                                                    "name": "USER_PROFILE_SITE_URL"
                                                },
                                                {
                                                    "value": "engine",
                                                    "name": "PLATFORM_SERVICE_URL"
                                                },
                                                {
                                                    "value": "engine",
                                                    "name": "INSTANCE_URL"
                                                }
                                            ],
                                            "image": "bitpod/dev-baasinstance:bug_5255-2999f3f3",
                                            "name": "engine"
                                        }
                                    ]
                                },
                                "metadata": {
                                    "labels": {
                                        "tier": "engine",
                                        "app": "backend"
                                    }
                                }
                            },
                            "replicas": 1,
                            "serviceName": "engine"
                        },
                        "metadata": {
                            "name": "engine",
                            "namespace": "dev-bitpod-turquoiseeel"
                        },
                        "kind": "StatefulSet",
                        "apiVersion": "apps/v1beta1"
                    },
                    "redis": {
                        "spec": {
                            "template": {
                                "spec": {
                                    "containers": [
                                        {
                                            "ports": [
                                                {
                                                    "containerPort": 6379,
                                                    "name": "web"
                                                }
                                            ],
                                            "image": "redis:alpine",
                                            "name": "redis"
                                        }
                                    ]
                                },
                                "metadata": {
                                    "labels": {
                                        "tier": "redis",
                                        "app": "backend"
                                    }
                                }
                            },
                            "replicas": 1,
                            "serviceName": "redis"
                        },
                        "metadata": {
                            "name": "redis",
                            "namespace": "dev-bitpod-turquoiseeel"
                        },
                        "kind": "StatefulSet",
                        "apiVersion": "apps/v1beta1"
                    }
                },
                "svc": {
                    "nginx": {
                        "spec": {
                            "ports": [
                                {
                                    "targetPort": 8085,
                                    "port": 80
                                }
                            ],
                            "selector": {
                                "tier": "proxy",
                                "app": "backend"
                            },
                            "type": "ClusterIP"
                        },
                        "metadata": {
                            "labels": {
                                "tier": "proxy",
                                "app": "backend"
                            },
                            "namespace": "dev-bitpod-turquoiseeel",
                            "name": "nginx"
                        },
                        "kind": "Service",
                        "apiVersion": "v1"
                    },
                    "bm": {
                        "spec": {
                            "ports": [
                                {
                                    "targetPort": 3001,
                                    "port": 3001
                                }
                            ],
                            "selector": {
                                "tier": "bm",
                                "app": "backend"
                            }
                        },
                        "metadata": {
                            "labels": {
                                "tier": "bm",
                                "app": "backend"
                            },
                            "namespace": "dev-bitpod-turquoiseeel",
                            "name": "bm"
                        },
                        "kind": "Service",
                        "apiVersion": "v1"
                    },
                    "engine": {
                        "spec": {
                            "ports": [
                                {
                                    "targetPort": 3000,
                                    "port": 3000,
                                    "name": "web"
                                },
                                {
                                    "targetPort": 5000,
                                    "port": 5000,
                                    "name": "websocket"
                                }
                            ],
                            "selector": {
                                "tier": "engine",
                                "app": "backend"
                            }
                        },
                        "metadata": {
                            "labels": {
                                "tier": "engine",
                                "app": "backend"
                            },
                            "namespace": "dev-bitpod-turquoiseeel",
                            "name": "engine"
                        },
                        "kind": "Service",
                        "apiVersion": "v1"
                    },
                    "mongodb": {
                        "spec": {
                            "ports": [
                                {
                                    "targetPort": 27017,
                                    "port": 27017,
                                    "protocol": "TCP"
                                }
                            ]
                        },
                        "metadata": {
                            "name": "mongodb"
                        },
                        "apiVersion": "v1",
                        "kind": "Service"
                    },
                    "redis": {
                        "spec": {
                            "ports": [
                                {
                                    "targetPort": 6379,
                                    "port": 6379
                                }
                            ],
                            "selector": {
                                "tier": "redis",
                                "app": "backend"
                            }
                        },
                        "metadata": {
                            "labels": {
                                "tier": "redis",
                                "app": "backend"
                            },
                            "namespace": "dev-bitpod-turquoiseeel",
                            "name": "redis"
                        },
                        "kind": "Service",
                        "apiVersion": "v1"
                    }
                },
                "ns": {
                    "metadata": {
                        "name": "dev-bitpod-turquoiseeel"
                    },
                    "kind": "Namespace",
                    "apiVersion": "v1"
                },
                "metadata": {
                    "namespace": "dev-bitpod-turquoiseeel"
                }
            }
        },
        "users": [
            "bhagyshree@bitpod.io"
        ],
        "accessKeys": [
            {
                "modifiedAt": 1620713738495,
                "createdAt": 1620713738495,
                "userId": "bhagyshree@bitpod.io",
                "isActive": true,
                "key": "eb4d9150acd4bd528a63150b280c9059f53a6ce9c50da1c45f4eeb293066b65d3595591c0b640007e1a1de4ad280dc0a"
            }
        ],
        "cleanLogs": [],
        "roleMapping": {
            "InstanceOwner": [
                "bhagyshree@bitpod.io"
            ]
        },
        "jobId": "543",
        "codeVersion": 2,
        "instanceUrl": "http://34.73.82.229:31282",
        "microServices": [
            {
                "status": {
                    "loadBalancer": {}
                },
                "spec": {
                    "sessionAffinity": "None",
                    "type": "ClusterIP",
                    "clusterIP": "10.20.0.111",
                    "selector": {
                        "tier": "bm",
                        "app": "backend"
                    },
                    "ports": [
                        {
                            "targetPort": 3001,
                            "port": 3001,
                            "protocol": "TCP"
                        }
                    ]
                },
                "metadata": {
                    "annotations": {
                        "meta.helm.sh/release-namespace": "dev-bitpod-turquoiseeel",
                        "meta.helm.sh/release-name": "dev-bitpod-turquoiseeel",
                        "cloud.google.com/neg": "{\"ingress\":true}"
                    },
                    "labels": {
                        "tier": "bm",
                        "serviceSpecVersion": "1",
                        "app.kubernetes.io/managed-by": "Helm",
                        "app": "backend"
                    },
                    "creationTimestamp": "2021-05-11T06:15:45Z",
                    "resourceVersion": "112129344",
                    "uid": "c10fb853-0ace-4c11-9aea-6378410a8be5",
                    "selfLink": "/api/v1/namespaces/dev-bitpod-turquoiseeel/services/bm",
                    "namespace": "dev-bitpod-turquoiseeel",
                    "name": "bm"
                }
            },
            {
                "status": {
                    "loadBalancer": {}
                },
                "spec": {
                    "externalName": "bpmnapi.app-activiti-dev.svc.cluster.local",
                    "sessionAffinity": "None",
                    "type": "ExternalName",
                    "ports": [
                        {
                            "targetPort": 8081,
                            "port": 8081,
                            "protocol": "TCP"
                        }
                    ]
                },
                "metadata": {
                    "annotations": {
                        "meta.helm.sh/release-namespace": "dev-bitpod-turquoiseeel",
                        "meta.helm.sh/release-name": "dev-bitpod-turquoiseeel",
                        "cloud.google.com/neg": "{\"ingress\":true}"
                    },
                    "labels": {
                        "app.kubernetes.io/managed-by": "Helm"
                    },
                    "creationTimestamp": "2021-05-11T06:15:45Z",
                    "resourceVersion": "112129322",
                    "uid": "b2a1efba-7d13-43b2-a17a-8e6c7d4dd904",
                    "selfLink": "/api/v1/namespaces/dev-bitpod-turquoiseeel/services/bpmnapi",
                    "namespace": "dev-bitpod-turquoiseeel",
                    "name": "bpmnapi"
                }
            },
            {
                "status": {
                    "loadBalancer": {}
                },
                "spec": {
                    "sessionAffinity": "None",
                    "type": "ClusterIP",
                    "clusterIP": "10.20.10.165",
                    "selector": {
                        "tier": "engine",
                        "app": "backend"
                    },
                    "ports": [
                        {
                            "targetPort": 3000,
                            "port": 3000,
                            "protocol": "TCP",
                            "name": "web"
                        },
                        {
                            "targetPort": 5000,
                            "port": 5000,
                            "protocol": "TCP",
                            "name": "websocket"
                        },
                        {
                            "targetPort": 8000,
                            "port": 8000,
                            "protocol": "TCP",
                            "name": "healthzcheck"
                        }
                    ]
                },
                "metadata": {
                    "annotations": {
                        "meta.helm.sh/release-namespace": "dev-bitpod-turquoiseeel",
                        "meta.helm.sh/release-name": "dev-bitpod-turquoiseeel",
                        "cloud.google.com/neg": "{\"ingress\":true}"
                    },
                    "labels": {
                        "tier": "engine",
                        "serviceSpecVersion": "1",
                        "app.kubernetes.io/managed-by": "Helm",
                        "app": "backend"
                    },
                    "creationTimestamp": "2021-05-11T06:15:45Z",
                    "resourceVersion": "112129329",
                    "uid": "612f1fa0-c118-4d46-b640-f92f8a2b4825",
                    "selfLink": "/api/v1/namespaces/dev-bitpod-turquoiseeel/services/engine",
                    "namespace": "dev-bitpod-turquoiseeel",
                    "name": "engine"
                }
            },
            {
                "status": {
                    "loadBalancer": {}
                },
                "spec": {
                    "sessionAffinity": "None",
                    "type": "ClusterIP",
                    "clusterIP": "10.20.5.84",
                    "selector": {
                        "tier": "engine-debug",
                        "app": "backend"
                    },
                    "ports": [
                        {
                            "targetPort": 3000,
                            "port": 3000,
                            "protocol": "TCP",
                            "name": "web"
                        },
                        {
                            "targetPort": 5000,
                            "port": 5000,
                            "protocol": "TCP",
                            "name": "websocket"
                        },
                        {
                            "targetPort": 8000,
                            "port": 8000,
                            "protocol": "TCP",
                            "name": "healthzcheck"
                        }
                    ]
                },
                "metadata": {
                    "annotations": {
                        "meta.helm.sh/release-namespace": "dev-bitpod-turquoiseeel",
                        "meta.helm.sh/release-name": "dev-bitpod-turquoiseeel",
                        "cloud.google.com/neg": "{\"ingress\":true}"
                    },
                    "labels": {
                        "tier": "engine-debug",
                        "serviceSpecVersion": "1",
                        "app.kubernetes.io/managed-by": "Helm",
                        "app": "backend"
                    },
                    "creationTimestamp": "2021-05-11T06:15:45Z",
                    "resourceVersion": "112129348",
                    "uid": "c2ef89f6-2f77-4b5e-aef3-612dda48548e",
                    "selfLink": "/api/v1/namespaces/dev-bitpod-turquoiseeel/services/engine-debug",
                    "namespace": "dev-bitpod-turquoiseeel",
                    "name": "engine-debug"
                }
            },
            {
                "status": {
                    "loadBalancer": {}
                },
                "spec": {
                    "externalTrafficPolicy": "Cluster",
                    "sessionAffinity": "None",
                    "type": "NodePort",
                    "clusterIP": "10.20.2.46",
                    "selector": {
                        "tier": "proxy",
                        "app": "backend"
                    },
                    "ports": [
                        {
                            "nodePort": 31282,
                            "targetPort": 8085,
                            "port": 80,
                            "protocol": "TCP",
                            "name": "http"
                        },
                        {
                            "nodePort": 30598,
                            "targetPort": 443,
                            "port": 443,
                            "protocol": "TCP",
                            "name": "https"
                        }
                    ]
                },
                "metadata": {
                    "annotations": {
                        "meta.helm.sh/release-namespace": "dev-bitpod-turquoiseeel",
                        "meta.helm.sh/release-name": "dev-bitpod-turquoiseeel",
                        "cloud.google.com/neg": "{\"ingress\":true}"
                    },
                    "labels": {
                        "tier": "proxy",
                        "serviceSpecVersion": "1",
                        "app.kubernetes.io/managed-by": "Helm",
                        "app": "backend"
                    },
                    "creationTimestamp": "2021-05-11T06:15:45Z",
                    "resourceVersion": "112129340",
                    "uid": "40752ad6-f892-4bd1-a530-d84120ee50ba",
                    "selfLink": "/api/v1/namespaces/dev-bitpod-turquoiseeel/services/nginx",
                    "namespace": "dev-bitpod-turquoiseeel",
                    "name": "nginx"
                }
            },
            {
                "status": {
                    "loadBalancer": {}
                },
                "spec": {
                    "sessionAffinity": "None",
                    "type": "ClusterIP",
                    "clusterIP": "10.20.5.109",
                    "selector": {
                        "tier": "oauth",
                        "app": "backend"
                    },
                    "ports": [
                        {
                            "targetPort": 8000,
                            "port": 8000,
                            "protocol": "TCP",
                            "name": "web"
                        }
                    ]
                },
                "metadata": {
                    "annotations": {
                        "meta.helm.sh/release-namespace": "dev-bitpod-turquoiseeel",
                        "meta.helm.sh/release-name": "dev-bitpod-turquoiseeel",
                        "cloud.google.com/neg": "{\"ingress\":true}"
                    },
                    "labels": {
                        "tier": "oauth",
                        "serviceSpecVersion": "1",
                        "app.kubernetes.io/managed-by": "Helm",
                        "app": "backend"
                    },
                    "creationTimestamp": "2021-05-11T06:15:45Z",
                    "resourceVersion": "112129318",
                    "uid": "c9f0eab0-729c-42e0-8846-00ceb5aa60b6",
                    "selfLink": "/api/v1/namespaces/dev-bitpod-turquoiseeel/services/oauth",
                    "namespace": "dev-bitpod-turquoiseeel",
                    "name": "oauth"
                }
            },
            {
                "status": {
                    "loadBalancer": {}
                },
                "spec": {
                    "sessionAffinity": "None",
                    "type": "ClusterIP",
                    "clusterIP": "10.20.13.133",
                    "selector": {
                        "tier": "redis",
                        "app": "backend"
                    },
                    "ports": [
                        {
                            "targetPort": 6379,
                            "port": 6379,
                            "protocol": "TCP"
                        }
                    ]
                },
                "metadata": {
                    "annotations": {
                        "meta.helm.sh/release-namespace": "dev-bitpod-turquoiseeel",
                        "meta.helm.sh/release-name": "dev-bitpod-turquoiseeel",
                        "cloud.google.com/neg": "{\"ingress\":true}"
                    },
                    "labels": {
                        "tier": "redis",
                        "serviceSpecVersion": "1",
                        "app.kubernetes.io/managed-by": "Helm",
                        "app": "backend"
                    },
                    "creationTimestamp": "2021-05-11T06:15:45Z",
                    "resourceVersion": "112129337",
                    "uid": "36ef380d-3a9c-4cfc-89ca-5b116e895fa4",
                    "selfLink": "/api/v1/namespaces/dev-bitpod-turquoiseeel/services/redis",
                    "namespace": "dev-bitpod-turquoiseeel",
                    "name": "redis"
                }
            },
            {
                "status": {
                    "loadBalancer": {}
                },
                "spec": {
                    "externalTrafficPolicy": "Cluster",
                    "sessionAffinity": "None",
                    "type": "NodePort",
                    "clusterIP": "10.20.0.73",
                    "selector": {
                        "tier": "s3storage",
                        "qs": "s3storage",
                        "app": "backend"
                    },
                    "ports": [
                        {
                            "nodePort": 30183,
                            "targetPort": 8000,
                            "port": 8000,
                            "protocol": "TCP"
                        }
                    ]
                },
                "metadata": {
                    "annotations": {
                        "meta.helm.sh/release-namespace": "dev-bitpod-turquoiseeel",
                        "meta.helm.sh/release-name": "dev-bitpod-turquoiseeel",
                        "cloud.google.com/neg": "{\"ingress\":true}"
                    },
                    "labels": {
                        "tier": "s3storage",
                        "serviceSpecVersion": "1",
                        "app.kubernetes.io/managed-by": "Helm",
                        "app": "backend"
                    },
                    "creationTimestamp": "2021-05-11T06:15:45Z",
                    "resourceVersion": "112129347",
                    "uid": "f832593a-fc78-423f-87fe-ffaef30b1f09",
                    "selfLink": "/api/v1/namespaces/dev-bitpod-turquoiseeel/services/s3storage",
                    "namespace": "dev-bitpod-turquoiseeel",
                    "name": "s3storage"
                }
            },
            {
                "status": {
                    "loadBalancer": {}
                },
                "spec": {
                    "sessionAffinity": "None",
                    "type": "ClusterIP",
                    "clusterIP": "10.20.2.217",
                    "selector": {
                        "tier": "webhosting",
                        "app": "backend"
                    },
                    "ports": [
                        {
                            "targetPort": 8800,
                            "port": 8800,
                            "protocol": "TCP",
                            "name": "api"
                        },
                        {
                            "targetPort": 80,
                            "port": 80,
                            "protocol": "TCP",
                            "name": "nginx"
                        }
                    ]
                },
                "metadata": {
                    "annotations": {
                        "meta.helm.sh/release-namespace": "dev-bitpod-turquoiseeel",
                        "meta.helm.sh/release-name": "dev-bitpod-turquoiseeel",
                        "cloud.google.com/neg": "{\"ingress\":true}"
                    },
                    "labels": {
                        "tier": "webhosting",
                        "serviceSpecVersion": "2",
                        "app.kubernetes.io/managed-by": "Helm",
                        "app": "backend"
                    },
                    "creationTimestamp": "2021-05-11T06:15:45Z",
                    "resourceVersion": "112129326",
                    "uid": "df7afaf4-6978-41e7-941e-8c5e5fc84e17",
                    "selfLink": "/api/v1/namespaces/dev-bitpod-turquoiseeel/services/webhosting",
                    "namespace": "dev-bitpod-turquoiseeel",
                    "name": "webhosting"
                }
            }
        ],
        "workloads": "",
        "deploymentLogs": [
            {
                "_id": "609a747b780c5d000ede9f10",
                "type": "info",
                "time": "2021-05-11T12:11:39.879Z",
                "log": "Initializing deployment..."
            },
            {
                "_id": "609a747b780c5d000ede9f11",
                "type": "info",
                "time": "2021-05-11T12:11:39.989Z",
                "log": "Generating code..."
            },
            {
                "_id": "609a747c780c5d000ede9f12",
                "type": "info",
                "time": "2021-05-11T12:11:40.001Z",
                "log": "Writing code to disk..."
            },
            {
                "_id": "609a747c780c5d000ede9f13",
                "type": "info",
                "time": "2021-05-11T12:11:40.148Z",
                "log": "Uploading code to the backend..."
            },
            {
                "_id": "609a747c780c5d000ede9f16",
                "type": "info",
                "time": "2021-05-11T12:11:40.226Z",
                "log": "Finalizing deployment..."
            },
            {
                "_id": "609a747c780c5d000ede9f17",
                "type": "info",
                "time": "2021-05-11T12:11:40.418Z",
                "log": "New code deployed! Restarting backend..."
            },
            {
                "_id": "609a747c780c5d000ede9f18",
                "type": "info",
                "time": "2021-05-11T12:11:40.448Z",
                "log": "Verifying backend updates..."
            },
            {
                "_id": "609a7482780c5d000ede9f19",
                "type": "info",
                "time": "2021-05-11T12:11:46.463Z",
                "log": "Updating replicas: (1/2). "
            },
            {
                "_id": "609a7488780c5d000ede9f1a",
                "type": "info",
                "time": "2021-05-11T12:11:52.481Z",
                "log": "Updating replicas: (1/2). "
            },
            {
                "_id": "609a748e780c5d000ede9f1b",
                "type": "info",
                "time": "2021-05-11T12:11:58.496Z",
                "log": "Updating replicas: (1/2). "
            },
            {
                "_id": "609a7494780c5d000ede9f1c",
                "type": "info",
                "time": "2021-05-11T12:12:04.512Z",
                "log": "Updating replicas: (1/2). "
            },
            {
                "_id": "609a749a780c5d000ede9f1d",
                "type": "info",
                "time": "2021-05-11T12:12:10.527Z",
                "log": "Updating replicas: (1/2). "
            },
            {
                "_id": "609a74a0780c5d000ede9f1e",
                "type": "info",
                "time": "2021-05-11T12:12:16.540Z",
                "log": "Updating replicas: (1/2). "
            },
            {
                "_id": "609a74a6780c5d000ede9f1f",
                "type": "info",
                "time": "2021-05-11T12:12:22.555Z",
                "log": "Updating replicas: (1/2). "
            },
            {
                "_id": "609a74ac780c5d000ede9f20",
                "type": "info",
                "time": "2021-05-11T12:12:28.571Z",
                "log": "Updating replicas: (1/2). "
            },
            {
                "_id": "609a74b2780c5d000ede9f21",
                "type": "info",
                "time": "2021-05-11T12:12:34.586Z",
                "log": "Updating replicas: (1/2). "
            },
            {
                "_id": "609a74b8780c5d000ede9f22",
                "type": "info",
                "time": "2021-05-11T12:12:40.603Z",
                "log": "Updating replicas: (1/2). "
            },
            {
                "_id": "609a74be780c5d000ede9f23",
                "type": "info",
                "time": "2021-05-11T12:12:46.618Z",
                "log": "Updating replicas: (1/2). "
            },
            {
                "_id": "609a74c4780c5d000ede9f24",
                "type": "info",
                "time": "2021-05-11T12:12:52.643Z",
                "log": "Updating replicas: (2/2). "
            },
            {
                "_id": "609a74c4780c5d000ede9f25",
                "type": "info",
                "time": "2021-05-11T12:12:52.662Z",
                "log": "Deployment completed"
            }
        ],
        "debuggerEnabled": false,
        "debuggerMeta": {}
    },
    "listOfContentFileIds": [],
    "version": "1.0.0",
    "exportedDate": "2021-05-11T12:12:52.881Z",
    "exportedBy": "71262809+Bhagyshree1994@users.noreply.github.com"
}