{
    "resources": [
        "events",
        "workflows",
        "relations",
        "working"
    ],
    "oldBackendRecord": {
        "_id": "SyzW4vhUO",
        "name": "emeraldkangaroo",
        "description": "",
        "uniquename": "emeraldkangaroo",
        "appId": "bitpod",
        "cors": {
            "maxAge": 86400,
            "credentials": true,
            "origin": true
        },
        "routes": [
            {
                "value": "/index.html",
                "key": "*"
            }
        ],
        "status": 235,
        "_createdBy": "bhagyshree@bitpod.io",
        "_createdAt": "2021-04-20T14:23:53.918Z",
        "_updatedBy": "bhagyshree@bitpod.io",
        "schemaversion": "2.0",
        "maintenance": {
            "ETA": 0,
            "reason": 0,
            "active": false
        },
        "database": {
            "name": "bitpod_emeraldkangaroo_grgwt",
            "password": "by4hv",
            "username": "296fx"
        },
        "instance": {
            "deploymentJson": {
                "endPoints": {
                    "mongodb": {
                        "subsets": [
                            {
                                "ports": [
                                    {
                                        "protocol": "TCP",
                                        "port": 27017
                                    }
                                ],
                                "addresses": [
                                    {
                                        "ip": ""
                                    }
                                ]
                            }
                        ],
                        "metadata": {
                            "name": "mongodb"
                        },
                        "apiVersion": "v1",
                        "kind": "Endpoints"
                    }
                },
                "sfs": {
                    "nginx": {
                        "spec": {
                            "template": {
                                "spec": {
                                    "containers": [
                                        {
                                            "ports": [
                                                {
                                                    "containerPort": 8085,
                                                    "name": "web"
                                                }
                                            ],
                                            "image": "bitpod/test-instanceproxy:fix_5238_f-32fa4299",
                                            "name": "nginx"
                                        }
                                    ]
                                },
                                "metadata": {
                                    "labels": {
                                        "tier": "proxy",
                                        "app": "backend"
                                    }
                                }
                            },
                            "replicas": 1,
                            "serviceName": "nginx"
                        },
                        "metadata": {
                            "name": "nginx",
                            "namespace": "test-bitpod-emeraldkangaroo"
                        },
                        "kind": "StatefulSet",
                        "apiVersion": "apps/v1beta1"
                    },
                    "bm": {
                        "spec": {
                            "template": {
                                "spec": {
                                    "volumes": [
                                        {
                                            "name": "code"
                                        },
                                        {
                                            "name": "download"
                                        }
                                    ],
                                    "containers": [
                                        {
                                            "readinessProbe": {
                                                "periodSeconds": 5,
                                                "initialDelaySeconds": 5,
                                                "httpGet": {
                                                    "port": 3001,
                                                    "path": "/healthz/"
                                                }
                                            },
                                            "volumeMounts": [
                                                {
                                                    "mountPath": "/var/code",
                                                    "name": "code"
                                                },
                                                {
                                                    "mountPath": "/var/download",
                                                    "name": "download"
                                                }
                                            ],
                                            "ports": [
                                                {
                                                    "containerPort": 3001,
                                                    "name": "web"
                                                }
                                            ],
                                            "env": [
                                                {
                                                    "value": "/var/download",
                                                    "name": "DOWNLOAD_PATH"
                                                },
                                                {
                                                    "value": "https://outlook.office.com/webhook/28b98568-d712-43b0-acab-dc662d48af10@6afcd346-7cb2-46db-897d-c639dbdf0449/IncomingWebhook/04e0ec50319d44c883b86e0f0f7f8d7f/3c5aff45-eca1-4c5b-bec5-6e3876b0c31b",
                                                    "name": "WEBHOOK_URL"
                                                },
                                                {
                                                    "value": "https://outlook.office.com/webhook/28b98568-d712-43b0-acab-dc662d48af10@6afcd346-7cb2-46db-897d-c639dbdf0449/IncomingWebhook/5d616aff7a164791aa8a30adc42ea48e/3c5aff45-eca1-4c5b-bec5-6e3876b0c31b",
                                                    "name": "WEBHOOK_ERRORS_URL"
                                                },
                                                {
                                                    "value": "296fx",
                                                    "name": "MONGO_USER"
                                                },
                                                {
                                                    "value": "by4hv",
                                                    "name": "MONGO_PASSWORD"
                                                },
                                                {
                                                    "value": "bitpod_emeraldkangaroo_grgwt",
                                                    "name": "MONGO_DATABASE"
                                                },
                                                {
                                                    "valueFrom": {
                                                        "fieldRef": {
                                                            "fieldPath": "metadata.namespace"
                                                        }
                                                    },
                                                    "name": "POD_NAMESPACE"
                                                },
                                                {
                                                    "value": "bm",
                                                    "name": "TIER"
                                                }
                                            ],
                                            "image": "bitpod/test-baasinstance:rls_16apr_2021-62e20638",
                                            "name": "bm"
                                        }
                                    ]
                                },
                                "metadata": {
                                    "labels": {
                                        "tier": "bm",
                                        "app": "backend"
                                    }
                                }
                            },
                            "replicas": 1,
                            "serviceName": "bm"
                        },
                        "metadata": {
                            "name": "bm",
                            "namespace": "test-bitpod-emeraldkangaroo"
                        },
                        "kind": "StatefulSet",
                        "apiVersion": "apps/v1beta1"
                    },
                    "engine": {
                        "spec": {
                            "template": {
                                "spec": {
                                    "volumes": [
                                        {
                                            "name": "code"
                                        },
                                        {
                                            "name": "download"
                                        }
                                    ],
                                    "containers": [
                                        {
                                            "volumeMounts": [
                                                {
                                                    "mountPath": "/var/code",
                                                    "name": "code"
                                                },
                                                {
                                                    "mountPath": "/var/download",
                                                    "name": "download"
                                                }
                                            ],
                                            "ports": [
                                                {
                                                    "containerPort": 3000,
                                                    "name": "web"
                                                }
                                            ],
                                            "env": [
                                                {
                                                    "value": "/var/download",
                                                    "name": "DOWNLOAD_PATH"
                                                },
                                                {
                                                    "value": "https://outlook.office.com/webhook/28b98568-d712-43b0-acab-dc662d48af10@6afcd346-7cb2-46db-897d-c639dbdf0449/IncomingWebhook/04e0ec50319d44c883b86e0f0f7f8d7f/3c5aff45-eca1-4c5b-bec5-6e3876b0c31b",
                                                    "name": "WEBHOOK_URL"
                                                },
                                                {
                                                    "value": "https://outlook.office.com/webhook/28b98568-d712-43b0-acab-dc662d48af10@6afcd346-7cb2-46db-897d-c639dbdf0449/IncomingWebhook/5d616aff7a164791aa8a30adc42ea48e/3c5aff45-eca1-4c5b-bec5-6e3876b0c31b",
                                                    "name": "WEBHOOK_ERRORS_URL"
                                                },
                                                {
                                                    "value": "296fx",
                                                    "name": "MONGO_USER"
                                                },
                                                {
                                                    "value": "by4hv",
                                                    "name": "MONGO_PASSWORD"
                                                },
                                                {
                                                    "value": "bitpod_emeraldkangaroo_grgwt",
                                                    "name": "MONGO_DATABASE"
                                                },
                                                {
                                                    "value": "emeraldkangaroo",
                                                    "name": "TENANT_ID"
                                                },
                                                {
                                                    "valueFrom": {
                                                        "fieldRef": {
                                                            "fieldPath": "metadata.namespace"
                                                        }
                                                    },
                                                    "name": "POD_NAMESPACE"
                                                },
                                                {
                                                    "value": "engine",
                                                    "name": "TIER"
                                                },
                                                {
                                                    "value": "engine",
                                                    "name": "USER_PROFILE_SITE_URL"
                                                },
                                                {
                                                    "value": "engine",
                                                    "name": "PLATFORM_SERVICE_URL"
                                                },
                                                {
                                                    "value": "engine",
                                                    "name": "INSTANCE_URL"
                                                }
                                            ],
                                            "image": "bitpod/test-baasinstance:rls_16apr_2021-62e20638",
                                            "name": "engine"
                                        }
                                    ]
                                },
                                "metadata": {
                                    "labels": {
                                        "tier": "engine",
                                        "app": "backend"
                                    }
                                }
                            },
                            "replicas": 1,
                            "serviceName": "engine"
                        },
                        "metadata": {
                            "name": "engine",
                            "namespace": "test-bitpod-emeraldkangaroo"
                        },
                        "kind": "StatefulSet",
                        "apiVersion": "apps/v1beta1"
                    },
                    "redis": {
                        "spec": {
                            "template": {
                                "spec": {
                                    "containers": [
                                        {
                                            "ports": [
                                                {
                                                    "containerPort": 6379,
                                                    "name": "web"
                                                }
                                            ],
                                            "image": "redis:alpine",
                                            "name": "redis"
                                        }
                                    ]
                                },
                                "metadata": {
                                    "labels": {
                                        "tier": "redis",
                                        "app": "backend"
                                    }
                                }
                            },
                            "replicas": 1,
                            "serviceName": "redis"
                        },
                        "metadata": {
                            "name": "redis",
                            "namespace": "test-bitpod-emeraldkangaroo"
                        },
                        "kind": "StatefulSet",
                        "apiVersion": "apps/v1beta1"
                    }
                },
                "svc": {
                    "nginx": {
                        "spec": {
                            "ports": [
                                {
                                    "targetPort": 8085,
                                    "port": 80
                                }
                            ],
                            "selector": {
                                "tier": "proxy",
                                "app": "backend"
                            },
                            "type": "ClusterIP"
                        },
                        "metadata": {
                            "labels": {
                                "tier": "proxy",
                                "app": "backend"
                            },
                            "namespace": "test-bitpod-emeraldkangaroo",
                            "name": "nginx"
                        },
                        "kind": "Service",
                        "apiVersion": "v1"
                    },
                    "bm": {
                        "spec": {
                            "ports": [
                                {
                                    "targetPort": 3001,
                                    "port": 3001
                                }
                            ],
                            "selector": {
                                "tier": "bm",
                                "app": "backend"
                            }
                        },
                        "metadata": {
                            "labels": {
                                "tier": "bm",
                                "app": "backend"
                            },
                            "namespace": "test-bitpod-emeraldkangaroo",
                            "name": "bm"
                        },
                        "kind": "Service",
                        "apiVersion": "v1"
                    },
                    "engine": {
                        "spec": {
                            "ports": [
                                {
                                    "targetPort": 3000,
                                    "port": 3000,
                                    "name": "web"
                                },
                                {
                                    "targetPort": 5000,
                                    "port": 5000,
                                    "name": "websocket"
                                }
                            ],
                            "selector": {
                                "tier": "engine",
                                "app": "backend"
                            }
                        },
                        "metadata": {
                            "labels": {
                                "tier": "engine",
                                "app": "backend"
                            },
                            "namespace": "test-bitpod-emeraldkangaroo",
                            "name": "engine"
                        },
                        "kind": "Service",
                        "apiVersion": "v1"
                    },
                    "mongodb": {
                        "spec": {
                            "ports": [
                                {
                                    "targetPort": 27017,
                                    "port": 27017,
                                    "protocol": "TCP"
                                }
                            ]
                        },
                        "metadata": {
                            "name": "mongodb"
                        },
                        "apiVersion": "v1",
                        "kind": "Service"
                    },
                    "redis": {
                        "spec": {
                            "ports": [
                                {
                                    "targetPort": 6379,
                                    "port": 6379
                                }
                            ],
                            "selector": {
                                "tier": "redis",
                                "app": "backend"
                            }
                        },
                        "metadata": {
                            "labels": {
                                "tier": "redis",
                                "app": "backend"
                            },
                            "namespace": "test-bitpod-emeraldkangaroo",
                            "name": "redis"
                        },
                        "kind": "Service",
                        "apiVersion": "v1"
                    }
                },
                "ns": {
                    "metadata": {
                        "name": "test-bitpod-emeraldkangaroo"
                    },
                    "kind": "Namespace",
                    "apiVersion": "v1"
                },
                "metadata": {
                    "namespace": "test-bitpod-emeraldkangaroo"
                }
            }
        },
        "users": [
            "bhagyshree@bitpod.io"
        ],
        "accessKeys": [
            {
                "modifiedAt": 1618928633918,
                "createdAt": 1618928633918,
                "userId": "bhagyshree@bitpod.io",
                "isActive": true,
                "key": "30dd9b7a6997fe1400379e24f8bf5fe0c80e97ca10756346c4d1416d2340c262bcb5eb5abdc3d3e7fb1e4036ffb4a500"
            }
        ],
        "cleanLogs": [
            {
                "_id": "608032f3c7a762000db12be1",
                "type": "info",
                "time": "2021-04-21T14:13:07.007Z",
                "log": "starting clean deployment"
            },
            {
                "_id": "608032f3c7a762000db12be2",
                "type": "info",
                "time": "2021-04-21T14:13:07.014Z",
                "log": "preparing to delete resources."
            },
            {
                "_id": "608032f3c7a762000db12be3",
                "type": "info",
                "time": "2021-04-21T14:13:07.024Z",
                "log": "deleted all pending changes."
            },
            {
                "_id": "608032f3c7a762000db12be4",
                "type": "info",
                "time": "2021-04-21T14:13:07.145Z",
                "log": "Restored last deployments"
            },
            {
                "_id": "608032f3c7a762000db12be5",
                "type": "info",
                "time": "2021-04-21T14:13:07.440Z",
                "log": "updates current deployment with last active deployment."
            },
            {
                "_id": "608032f3c7a762000db12be6",
                "type": "info",
                "time": "2021-04-21T14:13:07.461Z",
                "log": "deployment cleaning complete."
            }
        ],
        "roleMapping": {
            "InstanceOwner": [
                "bhagyshree@bitpod.io"
            ]
        },
        "jobId": "1430",
        "codeVersion": 3,
        "instanceUrl": "http://34.73.82.229:31375",
        "microServices": [
            {
                "status": {
                    "loadBalancer": {}
                },
                "spec": {
                    "sessionAffinity": "None",
                    "type": "ClusterIP",
                    "clusterIP": "10.20.7.243",
                    "selector": {
                        "tier": "bm",
                        "app": "backend"
                    },
                    "ports": [
                        {
                            "targetPort": 3001,
                            "port": 3001,
                            "protocol": "TCP"
                        }
                    ]
                },
                "metadata": {
                    "annotations": {
                        "meta.helm.sh/release-namespace": "test-bitpod-emeraldkangaroo",
                        "meta.helm.sh/release-name": "test-bitpod-emeraldkangaroo",
                        "cloud.google.com/neg": "{\"ingress\":true}"
                    },
                    "labels": {
                        "tier": "bm",
                        "serviceSpecVersion": "1",
                        "app.kubernetes.io/managed-by": "Helm",
                        "app": "backend"
                    },
                    "creationTimestamp": "2021-04-20T14:24:03Z",
                    "resourceVersion": "99499148",
                    "uid": "61a59449-d8ae-4df6-806d-aaba4824daca",
                    "selfLink": "/api/v1/namespaces/test-bitpod-emeraldkangaroo/services/bm",
                    "namespace": "test-bitpod-emeraldkangaroo",
                    "name": "bm"
                }
            },
            {
                "status": {
                    "loadBalancer": {}
                },
                "spec": {
                    "externalName": "bpmnapi.app-activiti.svc.cluster.local",
                    "sessionAffinity": "None",
                    "type": "ExternalName",
                    "ports": [
                        {
                            "targetPort": 8081,
                            "port": 8081,
                            "protocol": "TCP"
                        }
                    ]
                },
                "metadata": {
                    "annotations": {
                        "meta.helm.sh/release-namespace": "test-bitpod-emeraldkangaroo",
                        "meta.helm.sh/release-name": "test-bitpod-emeraldkangaroo",
                        "cloud.google.com/neg": "{\"ingress\":true}"
                    },
                    "labels": {
                        "app.kubernetes.io/managed-by": "Helm"
                    },
                    "creationTimestamp": "2021-04-20T14:24:03Z",
                    "resourceVersion": "99499131",
                    "uid": "ec7ef537-5355-4b08-8ef6-17b3c44388a2",
                    "selfLink": "/api/v1/namespaces/test-bitpod-emeraldkangaroo/services/bpmnapi",
                    "namespace": "test-bitpod-emeraldkangaroo",
                    "name": "bpmnapi"
                }
            },
            {
                "status": {
                    "loadBalancer": {}
                },
                "spec": {
                    "sessionAffinity": "None",
                    "type": "ClusterIP",
                    "clusterIP": "10.20.8.84",
                    "selector": {
                        "tier": "engine",
                        "app": "backend"
                    },
                    "ports": [
                        {
                            "targetPort": 3000,
                            "port": 3000,
                            "protocol": "TCP",
                            "name": "web"
                        },
                        {
                            "targetPort": 5000,
                            "port": 5000,
                            "protocol": "TCP",
                            "name": "websocket"
                        },
                        {
                            "targetPort": 8000,
                            "port": 8000,
                            "protocol": "TCP",
                            "name": "healthzcheck"
                        }
                    ]
                },
                "metadata": {
                    "annotations": {
                        "meta.helm.sh/release-namespace": "test-bitpod-emeraldkangaroo",
                        "meta.helm.sh/release-name": "test-bitpod-emeraldkangaroo",
                        "cloud.google.com/neg": "{\"ingress\":true}"
                    },
                    "labels": {
                        "tier": "engine",
                        "serviceSpecVersion": "1",
                        "app.kubernetes.io/managed-by": "Helm",
                        "app": "backend"
                    },
                    "creationTimestamp": "2021-04-20T14:24:03Z",
                    "resourceVersion": "99499142",
                    "uid": "a112c8e3-0394-4c7b-8ff9-97b141286834",
                    "selfLink": "/api/v1/namespaces/test-bitpod-emeraldkangaroo/services/engine",
                    "namespace": "test-bitpod-emeraldkangaroo",
                    "name": "engine"
                }
            },
            {
                "status": {
                    "loadBalancer": {}
                },
                "spec": {
                    "sessionAffinity": "None",
                    "type": "ClusterIP",
                    "clusterIP": "10.20.0.217",
                    "selector": {
                        "tier": "engine-debug",
                        "app": "backend"
                    },
                    "ports": [
                        {
                            "targetPort": 3000,
                            "port": 3000,
                            "protocol": "TCP",
                            "name": "web"
                        },
                        {
                            "targetPort": 5000,
                            "port": 5000,
                            "protocol": "TCP",
                            "name": "websocket"
                        },
                        {
                            "targetPort": 8000,
                            "port": 8000,
                            "protocol": "TCP",
                            "name": "healthzcheck"
                        }
                    ]
                },
                "metadata": {
                    "annotations": {
                        "meta.helm.sh/release-namespace": "test-bitpod-emeraldkangaroo",
                        "meta.helm.sh/release-name": "test-bitpod-emeraldkangaroo",
                        "cloud.google.com/neg": "{\"ingress\":true}"
                    },
                    "labels": {
                        "tier": "engine-debug",
                        "serviceSpecVersion": "1",
                        "app.kubernetes.io/managed-by": "Helm",
                        "app": "backend"
                    },
                    "creationTimestamp": "2021-04-20T14:24:03Z",
                    "resourceVersion": "99499143",
                    "uid": "6b5e4d42-7b50-484f-8387-3b6b94898efe",
                    "selfLink": "/api/v1/namespaces/test-bitpod-emeraldkangaroo/services/engine-debug",
                    "namespace": "test-bitpod-emeraldkangaroo",
                    "name": "engine-debug"
                }
            },
            {
                "status": {
                    "loadBalancer": {}
                },
                "spec": {
                    "externalTrafficPolicy": "Cluster",
                    "sessionAffinity": "None",
                    "type": "NodePort",
                    "clusterIP": "10.20.3.122",
                    "selector": {
                        "tier": "proxy",
                        "app": "backend"
                    },
                    "ports": [
                        {
                            "nodePort": 31375,
                            "targetPort": 8085,
                            "port": 80,
                            "protocol": "TCP",
                            "name": "http"
                        },
                        {
                            "nodePort": 31571,
                            "targetPort": 443,
                            "port": 443,
                            "protocol": "TCP",
                            "name": "https"
                        }
                    ]
                },
                "metadata": {
                    "annotations": {
                        "meta.helm.sh/release-namespace": "test-bitpod-emeraldkangaroo",
                        "meta.helm.sh/release-name": "test-bitpod-emeraldkangaroo",
                        "cloud.google.com/neg": "{\"ingress\":true}"
                    },
                    "labels": {
                        "tier": "proxy",
                        "serviceSpecVersion": "1",
                        "app.kubernetes.io/managed-by": "Helm",
                        "app": "backend"
                    },
                    "creationTimestamp": "2021-04-20T14:24:03Z",
                    "resourceVersion": "99499159",
                    "uid": "7620659b-fa14-47c8-9743-12eb9dc0ca51",
                    "selfLink": "/api/v1/namespaces/test-bitpod-emeraldkangaroo/services/nginx",
                    "namespace": "test-bitpod-emeraldkangaroo",
                    "name": "nginx"
                }
            },
            {
                "status": {
                    "loadBalancer": {}
                },
                "spec": {
                    "sessionAffinity": "None",
                    "type": "ClusterIP",
                    "clusterIP": "10.20.8.239",
                    "selector": {
                        "tier": "oauth",
                        "app": "backend"
                    },
                    "ports": [
                        {
                            "targetPort": 8000,
                            "port": 8000,
                            "protocol": "TCP",
                            "name": "web"
                        }
                    ]
                },
                "metadata": {
                    "annotations": {
                        "meta.helm.sh/release-namespace": "test-bitpod-emeraldkangaroo",
                        "meta.helm.sh/release-name": "test-bitpod-emeraldkangaroo",
                        "cloud.google.com/neg": "{\"ingress\":true}"
                    },
                    "labels": {
                        "tier": "oauth",
                        "serviceSpecVersion": "1",
                        "app.kubernetes.io/managed-by": "Helm",
                        "app": "backend"
                    },
                    "creationTimestamp": "2021-04-20T14:24:03Z",
                    "resourceVersion": "99499155",
                    "uid": "28a4a4cd-a311-475d-a165-0af75e99b4b9",
                    "selfLink": "/api/v1/namespaces/test-bitpod-emeraldkangaroo/services/oauth",
                    "namespace": "test-bitpod-emeraldkangaroo",
                    "name": "oauth"
                }
            },
            {
                "status": {
                    "loadBalancer": {}
                },
                "spec": {
                    "sessionAffinity": "None",
                    "type": "ClusterIP",
                    "clusterIP": "10.20.2.10",
                    "selector": {
                        "tier": "redis",
                        "app": "backend"
                    },
                    "ports": [
                        {
                            "targetPort": 6379,
                            "port": 6379,
                            "protocol": "TCP"
                        }
                    ]
                },
                "metadata": {
                    "annotations": {
                        "meta.helm.sh/release-namespace": "test-bitpod-emeraldkangaroo",
                        "meta.helm.sh/release-name": "test-bitpod-emeraldkangaroo",
                        "cloud.google.com/neg": "{\"ingress\":true}"
                    },
                    "labels": {
                        "tier": "redis",
                        "serviceSpecVersion": "1",
                        "app.kubernetes.io/managed-by": "Helm",
                        "app": "backend"
                    },
                    "creationTimestamp": "2021-04-20T14:24:03Z",
                    "resourceVersion": "99499154",
                    "uid": "e103cfa2-5241-40d4-9679-03a0fe6f8dae",
                    "selfLink": "/api/v1/namespaces/test-bitpod-emeraldkangaroo/services/redis",
                    "namespace": "test-bitpod-emeraldkangaroo",
                    "name": "redis"
                }
            },
            {
                "status": {
                    "loadBalancer": {}
                },
                "spec": {
                    "externalTrafficPolicy": "Cluster",
                    "sessionAffinity": "None",
                    "type": "NodePort",
                    "clusterIP": "10.20.14.9",
                    "selector": {
                        "tier": "s3storage",
                        "qs": "s3storage",
                        "app": "backend"
                    },
                    "ports": [
                        {
                            "nodePort": 30066,
                            "targetPort": 8000,
                            "port": 8000,
                            "protocol": "TCP"
                        }
                    ]
                },
                "metadata": {
                    "annotations": {
                        "meta.helm.sh/release-namespace": "test-bitpod-emeraldkangaroo",
                        "meta.helm.sh/release-name": "test-bitpod-emeraldkangaroo",
                        "cloud.google.com/neg": "{\"ingress\":true}"
                    },
                    "labels": {
                        "tier": "s3storage",
                        "serviceSpecVersion": "1",
                        "app.kubernetes.io/managed-by": "Helm",
                        "app": "backend"
                    },
                    "creationTimestamp": "2021-04-20T14:24:03Z",
                    "resourceVersion": "99499139",
                    "uid": "6a256c39-30de-4345-95b4-f2a4aaacd4be",
                    "selfLink": "/api/v1/namespaces/test-bitpod-emeraldkangaroo/services/s3storage",
                    "namespace": "test-bitpod-emeraldkangaroo",
                    "name": "s3storage"
                }
            },
            {
                "status": {
                    "loadBalancer": {}
                },
                "spec": {
                    "sessionAffinity": "None",
                    "type": "ClusterIP",
                    "clusterIP": "10.20.13.212",
                    "selector": {
                        "tier": "site-h1xkqgqddd",
                        "app": "backend"
                    },
                    "ports": [
                        {
                            "targetPort": 3000,
                            "port": 80,
                            "protocol": "TCP",
                            "name": "api"
                        }
                    ]
                },
                "metadata": {
                    "annotations": {
                        "meta.helm.sh/release-namespace": "test-bitpod-emeraldkangaroo",
                        "meta.helm.sh/release-name": "test-bitpod-emeraldkangaroo",
                        "cloud.google.com/neg": "{\"ingress\":true}"
                    },
                    "labels": {
                        "tier": "site-h1xkqgqddd",
                        "serviceSpecVersion": "2",
                        "app.kubernetes.io/managed-by": "Helm",
                        "app": "backend"
                    },
                    "creationTimestamp": "2021-05-11T15:24:01Z",
                    "resourceVersion": "112367590",
                    "uid": "68a6a188-1fa1-4c9a-96f0-cb9a05ed66cc",
                    "selfLink": "/api/v1/namespaces/test-bitpod-emeraldkangaroo/services/site-service-h1xkqgqddd",
                    "namespace": "test-bitpod-emeraldkangaroo",
                    "name": "site-service-h1xkqgqddd"
                }
            },
            {
                "status": {
                    "loadBalancer": {}
                },
                "spec": {
                    "sessionAffinity": "None",
                    "type": "ClusterIP",
                    "clusterIP": "10.20.7.234",
                    "selector": {
                        "tier": "site-hyxbzmxodo",
                        "app": "backend"
                    },
                    "ports": [
                        {
                            "targetPort": 3000,
                            "port": 80,
                            "protocol": "TCP",
                            "name": "api"
                        }
                    ]
                },
                "metadata": {
                    "annotations": {
                        "meta.helm.sh/release-namespace": "test-bitpod-emeraldkangaroo",
                        "meta.helm.sh/release-name": "test-bitpod-emeraldkangaroo",
                        "cloud.google.com/neg": "{\"ingress\":true}"
                    },
                    "labels": {
                        "tier": "site-hyxbzmxodo",
                        "serviceSpecVersion": "2",
                        "app.kubernetes.io/managed-by": "Helm",
                        "app": "backend"
                    },
                    "creationTimestamp": "2021-05-11T14:09:42Z",
                    "resourceVersion": "112335098",
                    "uid": "878f25cc-f911-4b04-bc5e-1cd7f1d74dad",
                    "selfLink": "/api/v1/namespaces/test-bitpod-emeraldkangaroo/services/site-service-hyxbzmxodo",
                    "namespace": "test-bitpod-emeraldkangaroo",
                    "name": "site-service-hyxbzmxodo"
                }
            },
            {
                "status": {
                    "loadBalancer": {}
                },
                "spec": {
                    "sessionAffinity": "None",
                    "type": "ClusterIP",
                    "clusterIP": "10.20.7.201",
                    "selector": {
                        "tier": "site-sjcosmouu",
                        "app": "backend"
                    },
                    "ports": [
                        {
                            "targetPort": 3000,
                            "port": 80,
                            "protocol": "TCP",
                            "name": "api"
                        }
                    ]
                },
                "metadata": {
                    "annotations": {
                        "meta.helm.sh/release-namespace": "test-bitpod-emeraldkangaroo",
                        "meta.helm.sh/release-name": "test-bitpod-emeraldkangaroo",
                        "cloud.google.com/neg": "{\"ingress\":true}"
                    },
                    "labels": {
                        "tier": "site-sjcosmouu",
                        "serviceSpecVersion": "2",
                        "app.kubernetes.io/managed-by": "Helm",
                        "app": "backend"
                    },
                    "creationTimestamp": "2021-05-11T14:38:55Z",
                    "resourceVersion": "112347803",
                    "uid": "3309f2de-d1d4-4400-ae41-59472f494626",
                    "selfLink": "/api/v1/namespaces/test-bitpod-emeraldkangaroo/services/site-service-sjcosmouu",
                    "namespace": "test-bitpod-emeraldkangaroo",
                    "name": "site-service-sjcosmouu"
                }
            },
            {
                "status": {
                    "loadBalancer": {}
                },
                "spec": {
                    "sessionAffinity": "None",
                    "type": "ClusterIP",
                    "clusterIP": "10.20.6.137",
                    "selector": {
                        "tier": "webhosting",
                        "app": "backend"
                    },
                    "ports": [
                        {
                            "targetPort": 8800,
                            "port": 8800,
                            "protocol": "TCP",
                            "name": "api"
                        },
                        {
                            "targetPort": 80,
                            "port": 80,
                            "protocol": "TCP",
                            "name": "nginx"
                        }
                    ]
                },
                "metadata": {
                    "annotations": {
                        "meta.helm.sh/release-namespace": "test-bitpod-emeraldkangaroo",
                        "meta.helm.sh/release-name": "test-bitpod-emeraldkangaroo",
                        "cloud.google.com/neg": "{\"ingress\":true}"
                    },
                    "labels": {
                        "tier": "webhosting",
                        "serviceSpecVersion": "2",
                        "app.kubernetes.io/managed-by": "Helm",
                        "app": "backend"
                    },
                    "creationTimestamp": "2021-04-20T14:24:03Z",
                    "resourceVersion": "99499134",
                    "uid": "566dda78-1059-47b6-9d03-5b6138db97e5",
                    "selfLink": "/api/v1/namespaces/test-bitpod-emeraldkangaroo/services/webhosting",
                    "namespace": "test-bitpod-emeraldkangaroo",
                    "name": "webhosting"
                }
            }
        ],
        "workloads": "",
        "debuggerEnabled": false,
        "debuggerMeta": {},
        "authClients": {},
        "childJobId": "1431",
        "deploymentLogs": [
            {
                "_id": "609b6e9f552d1b000db10dc7",
                "type": "info",
                "time": "2021-05-12T05:58:55.141Z",
                "log": "Initializing deployment..."
            },
            {
                "_id": "609b6ea0552d1b000db10dc8",
                "type": "info",
                "time": "2021-05-12T05:58:56.349Z",
                "log": "Generating code..."
            },
            {
                "_id": "609b6ea0552d1b000db10dc9",
                "type": "info",
                "time": "2021-05-12T05:58:56.368Z",
                "log": "Writing code to disk..."
            },
            {
                "_id": "609b6ea0552d1b000db10dca",
                "type": "info",
                "time": "2021-05-12T05:58:56.689Z",
                "log": "Uploading code to the backend..."
            },
            {
                "_id": "609b6ea0552d1b000db10dcd",
                "type": "info",
                "time": "2021-05-12T05:58:56.785Z",
                "log": "Finalizing deployment..."
            },
            {
                "_id": "609b6ea1552d1b000db10dce",
                "type": "info",
                "time": "2021-05-12T05:58:57.040Z",
                "log": "New code deployed! Restarting backend..."
            },
            {
                "_id": "609b6ea1552d1b000db10dcf",
                "type": "info",
                "time": "2021-05-12T05:58:57.104Z",
                "log": "Verifying backend updates..."
            },
            {
                "_id": "609b6ea7552d1b000db10dd0",
                "type": "info",
                "time": "2021-05-12T05:59:03.121Z",
                "log": "Updating replicas: (1/2). "
            },
            {
                "_id": "609b6ead552d1b000db10dd1",
                "type": "info",
                "time": "2021-05-12T05:59:09.152Z",
                "log": "Updating replicas: (1/2). "
            },
            {
                "_id": "609b6eb3552d1b000db10dd2",
                "type": "info",
                "time": "2021-05-12T05:59:15.179Z",
                "log": "Updating replicas: (1/2). "
            },
            {
                "_id": "609b6eb9552d1b000db10dd3",
                "type": "info",
                "time": "2021-05-12T05:59:21.200Z",
                "log": "Updating replicas: (1/2). "
            },
            {
                "_id": "609b6ebf552d1b000db10dd4",
                "type": "info",
                "time": "2021-05-12T05:59:27.224Z",
                "log": "Updating replicas: (1/2). "
            },
            {
                "_id": "609b6ec5552d1b000db10dd5",
                "type": "info",
                "time": "2021-05-12T05:59:33.245Z",
                "log": "Updating replicas: (1/2). "
            },
            {
                "_id": "609b6ecb552d1b000db10dd6",
                "type": "info",
                "time": "2021-05-12T05:59:39.264Z",
                "log": "Updating replicas: (1/2). "
            },
            {
                "_id": "609b6ed1552d1b000db10dd7",
                "type": "info",
                "time": "2021-05-12T05:59:45.283Z",
                "log": "Updating replicas: (1/2). "
            },
            {
                "_id": "609b6ed7552d1b000db10dd8",
                "type": "info",
                "time": "2021-05-12T05:59:51.304Z",
                "log": "Updating replicas: (1/2). "
            },
            {
                "_id": "609b6edd552d1b000db10dd9",
                "type": "info",
                "time": "2021-05-12T05:59:57.343Z",
                "log": "Updating replicas: (2/2). "
            },
            {
                "_id": "609b6edd552d1b000db10dda",
                "type": "info",
                "time": "2021-05-12T05:59:57.372Z",
                "log": "Deployment completed"
            }
        ]
    },
    "listOfContentFileIds": [],
    "version": "1.0.0",
    "exportedDate": "2021-05-12T05:59:58.547Z",
    "exportedBy": "bhagyshree@bitpod.io",
    "workflowZip": "SyzW4vhUO_workflow_BJIkJxtdO.zip"
}