{
    "resources": [
        "extensionmethods",
        "relations",
        "working",
        "events"
    ],
    "oldBackendRecord": {
        "_id": "SJ0QAE-uu",
        "name": "intelligentdolphin",
        "description": "",
        "uniquename": "intelligentdolphin",
        "appId": "bitpod",
        "cors": {
            "maxAge": 86400,
            "credentials": true,
            "origin": true
        },
        "routes": [
            {
                "value": "/index.html",
                "key": "*"
            }
        ],
        "status": 235,
        "_createdBy": "bhagyshree@bitpod.io",
        "_createdAt": "2021-05-06T10:00:05.772Z",
        "_updatedBy": "bhagyshree@bitpod.io",
        "schemaversion": "2.0",
        "maintenance": {
            "ETA": 0,
            "reason": 0,
            "active": false
        },
        "database": {
            "name": "bitpod_intelligentdolphin_0d09d",
            "password": "ajbhs",
            "username": "sm695"
        },
        "instance": {
            "deploymentJson": {
                "endPoints": {
                    "mongodb": {
                        "subsets": [
                            {
                                "ports": [
                                    {
                                        "protocol": "TCP",
                                        "port": 27017
                                    }
                                ],
                                "addresses": [
                                    {
                                        "ip": ""
                                    }
                                ]
                            }
                        ],
                        "metadata": {
                            "name": "mongodb"
                        },
                        "apiVersion": "v1",
                        "kind": "Endpoints"
                    }
                },
                "sfs": {
                    "nginx": {
                        "spec": {
                            "template": {
                                "spec": {
                                    "containers": [
                                        {
                                            "ports": [
                                                {
                                                    "containerPort": 8085,
                                                    "name": "web"
                                                }
                                            ],
                                            "image": "bitpod/dev-instanceproxy:fix_5238-211e0c5f",
                                            "name": "nginx"
                                        }
                                    ]
                                },
                                "metadata": {
                                    "labels": {
                                        "tier": "proxy",
                                        "app": "backend"
                                    }
                                }
                            },
                            "replicas": 1,
                            "serviceName": "nginx"
                        },
                        "metadata": {
                            "name": "nginx",
                            "namespace": "dev-bitpod-intelligentdolphin"
                        },
                        "kind": "StatefulSet",
                        "apiVersion": "apps/v1beta1"
                    },
                    "bm": {
                        "spec": {
                            "template": {
                                "spec": {
                                    "volumes": [
                                        {
                                            "name": "code"
                                        },
                                        {
                                            "name": "download"
                                        }
                                    ],
                                    "containers": [
                                        {
                                            "readinessProbe": {
                                                "periodSeconds": 5,
                                                "initialDelaySeconds": 5,
                                                "httpGet": {
                                                    "port": 3001,
                                                    "path": "/healthz/"
                                                }
                                            },
                                            "volumeMounts": [
                                                {
                                                    "mountPath": "/var/code",
                                                    "name": "code"
                                                },
                                                {
                                                    "mountPath": "/var/download",
                                                    "name": "download"
                                                }
                                            ],
                                            "ports": [
                                                {
                                                    "containerPort": 3001,
                                                    "name": "web"
                                                }
                                            ],
                                            "env": [
                                                {
                                                    "value": "/var/download",
                                                    "name": "DOWNLOAD_PATH"
                                                },
                                                {
                                                    "value": "https://outlook.office.com/webhook/28b98568-d712-43b0-acab-dc662d48af10@6afcd346-7cb2-46db-897d-c639dbdf0449/IncomingWebhook/04e0ec50319d44c883b86e0f0f7f8d7f/3c5aff45-eca1-4c5b-bec5-6e3876b0c31b",
                                                    "name": "WEBHOOK_URL"
                                                },
                                                {
                                                    "value": "https://outlook.office.com/webhook/28b98568-d712-43b0-acab-dc662d48af10@6afcd346-7cb2-46db-897d-c639dbdf0449/IncomingWebhook/5d616aff7a164791aa8a30adc42ea48e/3c5aff45-eca1-4c5b-bec5-6e3876b0c31b",
                                                    "name": "WEBHOOK_ERRORS_URL"
                                                },
                                                {
                                                    "value": "sm695",
                                                    "name": "MONGO_USER"
                                                },
                                                {
                                                    "value": "ajbhs",
                                                    "name": "MONGO_PASSWORD"
                                                },
                                                {
                                                    "value": "bitpod_intelligentdolphin_0d09d",
                                                    "name": "MONGO_DATABASE"
                                                },
                                                {
                                                    "valueFrom": {
                                                        "fieldRef": {
                                                            "fieldPath": "metadata.namespace"
                                                        }
                                                    },
                                                    "name": "POD_NAMESPACE"
                                                },
                                                {
                                                    "value": "bm",
                                                    "name": "TIER"
                                                }
                                            ],
                                            "image": "bitpod/dev-baasinstance:bug_5255-2999f3f3",
                                            "name": "bm"
                                        }
                                    ]
                                },
                                "metadata": {
                                    "labels": {
                                        "tier": "bm",
                                        "app": "backend"
                                    }
                                }
                            },
                            "replicas": 1,
                            "serviceName": "bm"
                        },
                        "metadata": {
                            "name": "bm",
                            "namespace": "dev-bitpod-intelligentdolphin"
                        },
                        "kind": "StatefulSet",
                        "apiVersion": "apps/v1beta1"
                    },
                    "engine": {
                        "spec": {
                            "template": {
                                "spec": {
                                    "volumes": [
                                        {
                                            "name": "code"
                                        },
                                        {
                                            "name": "download"
                                        }
                                    ],
                                    "containers": [
                                        {
                                            "volumeMounts": [
                                                {
                                                    "mountPath": "/var/code",
                                                    "name": "code"
                                                },
                                                {
                                                    "mountPath": "/var/download",
                                                    "name": "download"
                                                }
                                            ],
                                            "ports": [
                                                {
                                                    "containerPort": 3000,
                                                    "name": "web"
                                                }
                                            ],
                                            "env": [
                                                {
                                                    "value": "/var/download",
                                                    "name": "DOWNLOAD_PATH"
                                                },
                                                {
                                                    "value": "https://outlook.office.com/webhook/28b98568-d712-43b0-acab-dc662d48af10@6afcd346-7cb2-46db-897d-c639dbdf0449/IncomingWebhook/04e0ec50319d44c883b86e0f0f7f8d7f/3c5aff45-eca1-4c5b-bec5-6e3876b0c31b",
                                                    "name": "WEBHOOK_URL"
                                                },
                                                {
                                                    "value": "https://outlook.office.com/webhook/28b98568-d712-43b0-acab-dc662d48af10@6afcd346-7cb2-46db-897d-c639dbdf0449/IncomingWebhook/5d616aff7a164791aa8a30adc42ea48e/3c5aff45-eca1-4c5b-bec5-6e3876b0c31b",
                                                    "name": "WEBHOOK_ERRORS_URL"
                                                },
                                                {
                                                    "value": "sm695",
                                                    "name": "MONGO_USER"
                                                },
                                                {
                                                    "value": "ajbhs",
                                                    "name": "MONGO_PASSWORD"
                                                },
                                                {
                                                    "value": "bitpod_intelligentdolphin_0d09d",
                                                    "name": "MONGO_DATABASE"
                                                },
                                                {
                                                    "value": "intelligentdolphin",
                                                    "name": "TENANT_ID"
                                                },
                                                {
                                                    "valueFrom": {
                                                        "fieldRef": {
                                                            "fieldPath": "metadata.namespace"
                                                        }
                                                    },
                                                    "name": "POD_NAMESPACE"
                                                },
                                                {
                                                    "value": "engine",
                                                    "name": "TIER"
                                                },
                                                {
                                                    "value": "engine",
                                                    "name": "USER_PROFILE_SITE_URL"
                                                },
                                                {
                                                    "value": "engine",
                                                    "name": "PLATFORM_SERVICE_URL"
                                                },
                                                {
                                                    "value": "engine",
                                                    "name": "INSTANCE_URL"
                                                }
                                            ],
                                            "image": "bitpod/dev-baasinstance:bug_5255-2999f3f3",
                                            "name": "engine"
                                        }
                                    ]
                                },
                                "metadata": {
                                    "labels": {
                                        "tier": "engine",
                                        "app": "backend"
                                    }
                                }
                            },
                            "replicas": 1,
                            "serviceName": "engine"
                        },
                        "metadata": {
                            "name": "engine",
                            "namespace": "dev-bitpod-intelligentdolphin"
                        },
                        "kind": "StatefulSet",
                        "apiVersion": "apps/v1beta1"
                    },
                    "redis": {
                        "spec": {
                            "template": {
                                "spec": {
                                    "containers": [
                                        {
                                            "ports": [
                                                {
                                                    "containerPort": 6379,
                                                    "name": "web"
                                                }
                                            ],
                                            "image": "redis:alpine",
                                            "name": "redis"
                                        }
                                    ]
                                },
                                "metadata": {
                                    "labels": {
                                        "tier": "redis",
                                        "app": "backend"
                                    }
                                }
                            },
                            "replicas": 1,
                            "serviceName": "redis"
                        },
                        "metadata": {
                            "name": "redis",
                            "namespace": "dev-bitpod-intelligentdolphin"
                        },
                        "kind": "StatefulSet",
                        "apiVersion": "apps/v1beta1"
                    }
                },
                "svc": {
                    "nginx": {
                        "spec": {
                            "ports": [
                                {
                                    "targetPort": 8085,
                                    "port": 80
                                }
                            ],
                            "selector": {
                                "tier": "proxy",
                                "app": "backend"
                            },
                            "type": "ClusterIP"
                        },
                        "metadata": {
                            "labels": {
                                "tier": "proxy",
                                "app": "backend"
                            },
                            "namespace": "dev-bitpod-intelligentdolphin",
                            "name": "nginx"
                        },
                        "kind": "Service",
                        "apiVersion": "v1"
                    },
                    "bm": {
                        "spec": {
                            "ports": [
                                {
                                    "targetPort": 3001,
                                    "port": 3001
                                }
                            ],
                            "selector": {
                                "tier": "bm",
                                "app": "backend"
                            }
                        },
                        "metadata": {
                            "labels": {
                                "tier": "bm",
                                "app": "backend"
                            },
                            "namespace": "dev-bitpod-intelligentdolphin",
                            "name": "bm"
                        },
                        "kind": "Service",
                        "apiVersion": "v1"
                    },
                    "engine": {
                        "spec": {
                            "ports": [
                                {
                                    "targetPort": 3000,
                                    "port": 3000,
                                    "name": "web"
                                },
                                {
                                    "targetPort": 5000,
                                    "port": 5000,
                                    "name": "websocket"
                                }
                            ],
                            "selector": {
                                "tier": "engine",
                                "app": "backend"
                            }
                        },
                        "metadata": {
                            "labels": {
                                "tier": "engine",
                                "app": "backend"
                            },
                            "namespace": "dev-bitpod-intelligentdolphin",
                            "name": "engine"
                        },
                        "kind": "Service",
                        "apiVersion": "v1"
                    },
                    "mongodb": {
                        "spec": {
                            "ports": [
                                {
                                    "targetPort": 27017,
                                    "port": 27017,
                                    "protocol": "TCP"
                                }
                            ]
                        },
                        "metadata": {
                            "name": "mongodb"
                        },
                        "apiVersion": "v1",
                        "kind": "Service"
                    },
                    "redis": {
                        "spec": {
                            "ports": [
                                {
                                    "targetPort": 6379,
                                    "port": 6379
                                }
                            ],
                            "selector": {
                                "tier": "redis",
                                "app": "backend"
                            }
                        },
                        "metadata": {
                            "labels": {
                                "tier": "redis",
                                "app": "backend"
                            },
                            "namespace": "dev-bitpod-intelligentdolphin",
                            "name": "redis"
                        },
                        "kind": "Service",
                        "apiVersion": "v1"
                    }
                },
                "ns": {
                    "metadata": {
                        "name": "dev-bitpod-intelligentdolphin"
                    },
                    "kind": "Namespace",
                    "apiVersion": "v1"
                },
                "metadata": {
                    "namespace": "dev-bitpod-intelligentdolphin"
                }
            }
        },
        "users": [
            "bhagyshree@bitpod.io"
        ],
        "accessKeys": [
            {
                "modifiedAt": 1620295205772,
                "createdAt": 1620295205772,
                "userId": "bhagyshree@bitpod.io",
                "isActive": true,
                "key": "b2d07bee9075ac692aab7c24a8bb923d065f2e99cdc594fd7974b68f466352ab52c0b87d3fa02fc82cb3273de9a03d19"
            }
        ],
        "cleanLogs": [],
        "roleMapping": {
            "InstanceOwner": [
                "bhagyshree@bitpod.io"
            ]
        },
        "jobId": "494",
        "codeVersion": 3,
        "instanceUrl": "http://34.73.82.229:30201",
        "microServices": [
            {
                "status": {
                    "loadBalancer": {}
                },
                "spec": {
                    "sessionAffinity": "None",
                    "type": "ClusterIP",
                    "clusterIP": "10.20.15.122",
                    "selector": {
                        "tier": "bm",
                        "app": "backend"
                    },
                    "ports": [
                        {
                            "targetPort": 3001,
                            "port": 3001,
                            "protocol": "TCP"
                        }
                    ]
                },
                "metadata": {
                    "annotations": {
                        "meta.helm.sh/release-namespace": "dev-bitpod-intelligentdolphin",
                        "meta.helm.sh/release-name": "dev-bitpod-intelligentdolphin",
                        "cloud.google.com/neg": "{\"ingress\":true}"
                    },
                    "labels": {
                        "tier": "bm",
                        "serviceSpecVersion": "1",
                        "app.kubernetes.io/managed-by": "Helm",
                        "app": "backend"
                    },
                    "creationTimestamp": "2021-05-06T10:00:19Z",
                    "resourceVersion": "109140417",
                    "uid": "9f6fc8d7-a890-4208-9804-4e385ce555da",
                    "selfLink": "/api/v1/namespaces/dev-bitpod-intelligentdolphin/services/bm",
                    "namespace": "dev-bitpod-intelligentdolphin",
                    "name": "bm"
                }
            },
            {
                "status": {
                    "loadBalancer": {}
                },
                "spec": {
                    "externalName": "bpmnapi.app-activiti-dev.svc.cluster.local",
                    "sessionAffinity": "None",
                    "type": "ExternalName",
                    "ports": [
                        {
                            "targetPort": 8081,
                            "port": 8081,
                            "protocol": "TCP"
                        }
                    ]
                },
                "metadata": {
                    "annotations": {
                        "meta.helm.sh/release-namespace": "dev-bitpod-intelligentdolphin",
                        "meta.helm.sh/release-name": "dev-bitpod-intelligentdolphin",
                        "cloud.google.com/neg": "{\"ingress\":true}"
                    },
                    "labels": {
                        "app.kubernetes.io/managed-by": "Helm"
                    },
                    "creationTimestamp": "2021-05-06T10:00:19Z",
                    "resourceVersion": "109140399",
                    "uid": "1a6a614d-5e77-45b9-a7c3-a97fc09e3305",
                    "selfLink": "/api/v1/namespaces/dev-bitpod-intelligentdolphin/services/bpmnapi",
                    "namespace": "dev-bitpod-intelligentdolphin",
                    "name": "bpmnapi"
                }
            },
            {
                "status": {
                    "loadBalancer": {}
                },
                "spec": {
                    "sessionAffinity": "None",
                    "type": "ClusterIP",
                    "clusterIP": "10.20.10.192",
                    "selector": {
                        "tier": "engine",
                        "app": "backend"
                    },
                    "ports": [
                        {
                            "targetPort": 3000,
                            "port": 3000,
                            "protocol": "TCP",
                            "name": "web"
                        },
                        {
                            "targetPort": 5000,
                            "port": 5000,
                            "protocol": "TCP",
                            "name": "websocket"
                        },
                        {
                            "targetPort": 8000,
                            "port": 8000,
                            "protocol": "TCP",
                            "name": "healthzcheck"
                        }
                    ]
                },
                "metadata": {
                    "annotations": {
                        "meta.helm.sh/release-namespace": "dev-bitpod-intelligentdolphin",
                        "meta.helm.sh/release-name": "dev-bitpod-intelligentdolphin",
                        "cloud.google.com/neg": "{\"ingress\":true}"
                    },
                    "labels": {
                        "tier": "engine",
                        "serviceSpecVersion": "1",
                        "app.kubernetes.io/managed-by": "Helm",
                        "app": "backend"
                    },
                    "creationTimestamp": "2021-05-06T10:00:19Z",
                    "resourceVersion": "109140418",
                    "uid": "b952d876-a860-49cf-9e79-678cc60b17f9",
                    "selfLink": "/api/v1/namespaces/dev-bitpod-intelligentdolphin/services/engine",
                    "namespace": "dev-bitpod-intelligentdolphin",
                    "name": "engine"
                }
            },
            {
                "status": {
                    "loadBalancer": {}
                },
                "spec": {
                    "sessionAffinity": "None",
                    "type": "ClusterIP",
                    "clusterIP": "10.20.10.197",
                    "selector": {
                        "tier": "engine-debug",
                        "app": "backend"
                    },
                    "ports": [
                        {
                            "targetPort": 3000,
                            "port": 3000,
                            "protocol": "TCP",
                            "name": "web"
                        },
                        {
                            "targetPort": 5000,
                            "port": 5000,
                            "protocol": "TCP",
                            "name": "websocket"
                        },
                        {
                            "targetPort": 8000,
                            "port": 8000,
                            "protocol": "TCP",
                            "name": "healthzcheck"
                        }
                    ]
                },
                "metadata": {
                    "annotations": {
                        "meta.helm.sh/release-namespace": "dev-bitpod-intelligentdolphin",
                        "meta.helm.sh/release-name": "dev-bitpod-intelligentdolphin",
                        "cloud.google.com/neg": "{\"ingress\":true}"
                    },
                    "labels": {
                        "tier": "engine-debug",
                        "serviceSpecVersion": "1",
                        "app.kubernetes.io/managed-by": "Helm",
                        "app": "backend"
                    },
                    "creationTimestamp": "2021-05-06T10:00:19Z",
                    "resourceVersion": "109140409",
                    "uid": "b6c0759d-d362-46b7-9edf-4c9d1382dc08",
                    "selfLink": "/api/v1/namespaces/dev-bitpod-intelligentdolphin/services/engine-debug",
                    "namespace": "dev-bitpod-intelligentdolphin",
                    "name": "engine-debug"
                }
            },
            {
                "status": {
                    "loadBalancer": {}
                },
                "spec": {
                    "externalTrafficPolicy": "Cluster",
                    "sessionAffinity": "None",
                    "type": "NodePort",
                    "clusterIP": "10.20.0.90",
                    "selector": {
                        "tier": "proxy",
                        "app": "backend"
                    },
                    "ports": [
                        {
                            "nodePort": 30201,
                            "targetPort": 8085,
                            "port": 80,
                            "protocol": "TCP",
                            "name": "http"
                        },
                        {
                            "nodePort": 30085,
                            "targetPort": 443,
                            "port": 443,
                            "protocol": "TCP",
                            "name": "https"
                        }
                    ]
                },
                "metadata": {
                    "annotations": {
                        "meta.helm.sh/release-namespace": "dev-bitpod-intelligentdolphin",
                        "meta.helm.sh/release-name": "dev-bitpod-intelligentdolphin",
                        "cloud.google.com/neg": "{\"ingress\":true}"
                    },
                    "labels": {
                        "tier": "proxy",
                        "serviceSpecVersion": "1",
                        "app.kubernetes.io/managed-by": "Helm",
                        "app": "backend"
                    },
                    "creationTimestamp": "2021-05-06T10:00:19Z",
                    "resourceVersion": "109140431",
                    "uid": "3d71cbdc-82c1-4699-9516-073d0c11f8a1",
                    "selfLink": "/api/v1/namespaces/dev-bitpod-intelligentdolphin/services/nginx",
                    "namespace": "dev-bitpod-intelligentdolphin",
                    "name": "nginx"
                }
            },
            {
                "status": {
                    "loadBalancer": {}
                },
                "spec": {
                    "sessionAffinity": "None",
                    "type": "ClusterIP",
                    "clusterIP": "10.20.10.131",
                    "selector": {
                        "tier": "oauth",
                        "app": "backend"
                    },
                    "ports": [
                        {
                            "targetPort": 8000,
                            "port": 8000,
                            "protocol": "TCP",
                            "name": "web"
                        }
                    ]
                },
                "metadata": {
                    "annotations": {
                        "meta.helm.sh/release-namespace": "dev-bitpod-intelligentdolphin",
                        "meta.helm.sh/release-name": "dev-bitpod-intelligentdolphin",
                        "cloud.google.com/neg": "{\"ingress\":true}"
                    },
                    "labels": {
                        "tier": "oauth",
                        "serviceSpecVersion": "1",
                        "app.kubernetes.io/managed-by": "Helm",
                        "app": "backend"
                    },
                    "creationTimestamp": "2021-05-06T10:00:19Z",
                    "resourceVersion": "109140416",
                    "uid": "4db1faac-fe29-48cb-a6d2-e55729e17118",
                    "selfLink": "/api/v1/namespaces/dev-bitpod-intelligentdolphin/services/oauth",
                    "namespace": "dev-bitpod-intelligentdolphin",
                    "name": "oauth"
                }
            },
            {
                "status": {
                    "loadBalancer": {}
                },
                "spec": {
                    "sessionAffinity": "None",
                    "type": "ClusterIP",
                    "clusterIP": "10.20.11.169",
                    "selector": {
                        "tier": "redis",
                        "app": "backend"
                    },
                    "ports": [
                        {
                            "targetPort": 6379,
                            "port": 6379,
                            "protocol": "TCP"
                        }
                    ]
                },
                "metadata": {
                    "annotations": {
                        "meta.helm.sh/release-namespace": "dev-bitpod-intelligentdolphin",
                        "meta.helm.sh/release-name": "dev-bitpod-intelligentdolphin",
                        "cloud.google.com/neg": "{\"ingress\":true}"
                    },
                    "labels": {
                        "tier": "redis",
                        "serviceSpecVersion": "1",
                        "app.kubernetes.io/managed-by": "Helm",
                        "app": "backend"
                    },
                    "creationTimestamp": "2021-05-06T10:00:19Z",
                    "resourceVersion": "109140422",
                    "uid": "142579a2-043e-45b9-b512-b0bddef6fc42",
                    "selfLink": "/api/v1/namespaces/dev-bitpod-intelligentdolphin/services/redis",
                    "namespace": "dev-bitpod-intelligentdolphin",
                    "name": "redis"
                }
            },
            {
                "status": {
                    "loadBalancer": {}
                },
                "spec": {
                    "externalTrafficPolicy": "Cluster",
                    "sessionAffinity": "None",
                    "type": "NodePort",
                    "clusterIP": "10.20.6.80",
                    "selector": {
                        "tier": "s3storage",
                        "qs": "s3storage",
                        "app": "backend"
                    },
                    "ports": [
                        {
                            "nodePort": 30274,
                            "targetPort": 8000,
                            "port": 8000,
                            "protocol": "TCP"
                        }
                    ]
                },
                "metadata": {
                    "annotations": {
                        "meta.helm.sh/release-namespace": "dev-bitpod-intelligentdolphin",
                        "meta.helm.sh/release-name": "dev-bitpod-intelligentdolphin",
                        "cloud.google.com/neg": "{\"ingress\":true}"
                    },
                    "labels": {
                        "tier": "s3storage",
                        "serviceSpecVersion": "1",
                        "app.kubernetes.io/managed-by": "Helm",
                        "app": "backend"
                    },
                    "creationTimestamp": "2021-05-06T10:00:19Z",
                    "resourceVersion": "109140415",
                    "uid": "7e11b01f-1124-4948-9f81-0c98ee9de087",
                    "selfLink": "/api/v1/namespaces/dev-bitpod-intelligentdolphin/services/s3storage",
                    "namespace": "dev-bitpod-intelligentdolphin",
                    "name": "s3storage"
                }
            },
            {
                "status": {
                    "loadBalancer": {}
                },
                "spec": {
                    "sessionAffinity": "None",
                    "type": "ClusterIP",
                    "clusterIP": "10.20.0.142",
                    "selector": {
                        "tier": "webhosting",
                        "app": "backend"
                    },
                    "ports": [
                        {
                            "targetPort": 8800,
                            "port": 8800,
                            "protocol": "TCP",
                            "name": "api"
                        },
                        {
                            "targetPort": 80,
                            "port": 80,
                            "protocol": "TCP",
                            "name": "nginx"
                        }
                    ]
                },
                "metadata": {
                    "annotations": {
                        "meta.helm.sh/release-namespace": "dev-bitpod-intelligentdolphin",
                        "meta.helm.sh/release-name": "dev-bitpod-intelligentdolphin",
                        "cloud.google.com/neg": "{\"ingress\":true}"
                    },
                    "labels": {
                        "tier": "webhosting",
                        "serviceSpecVersion": "2",
                        "app.kubernetes.io/managed-by": "Helm",
                        "app": "backend"
                    },
                    "creationTimestamp": "2021-05-06T10:00:19Z",
                    "resourceVersion": "109140405",
                    "uid": "57ae9ba2-0fa7-4ec6-8eaf-1938351b9055",
                    "selfLink": "/api/v1/namespaces/dev-bitpod-intelligentdolphin/services/webhosting",
                    "namespace": "dev-bitpod-intelligentdolphin",
                    "name": "webhosting"
                }
            }
        ],
        "workloads": "",
        "authClients": {},
        "childJobId": "495",
        "debuggerEnabled": false,
        "debuggerMeta": {},
        "deploymentLogs": [
            {
                "_id": "609548e2d084f9000d9d6a4b",
                "type": "info",
                "time": "2021-05-07T14:04:18.547Z",
                "log": "Initializing deployment..."
            },
            {
                "_id": "609548e2d084f9000d9d6a4c",
                "type": "info",
                "time": "2021-05-07T14:04:18.640Z",
                "log": "Generating code..."
            },
            {
                "_id": "609548e2d084f9000d9d6a4d",
                "type": "info",
                "time": "2021-05-07T14:04:18.651Z",
                "log": "Writing code to disk..."
            },
            {
                "_id": "609548e2d084f9000d9d6a4e",
                "type": "info",
                "time": "2021-05-07T14:04:18.748Z",
                "log": "Uploading code to the backend..."
            },
            {
                "_id": "609548e2d084f9000d9d6a51",
                "type": "info",
                "time": "2021-05-07T14:04:18.819Z",
                "log": "Finalizing deployment..."
            },
            {
                "_id": "609548e2d084f9000d9d6a52",
                "type": "info",
                "time": "2021-05-07T14:04:18.990Z",
                "log": "New code deployed! Restarting backend..."
            },
            {
                "_id": "609548e3d084f9000d9d6a53",
                "type": "info",
                "time": "2021-05-07T14:04:19.033Z",
                "log": "Verifying backend updates..."
            },
            {
                "_id": "609548e9d084f9000d9d6a54",
                "type": "info",
                "time": "2021-05-07T14:04:25.047Z",
                "log": "Updating replicas: (1/2). "
            },
            {
                "_id": "609548efd084f9000d9d6a55",
                "type": "info",
                "time": "2021-05-07T14:04:31.068Z",
                "log": "Updating replicas: (1/2). "
            },
            {
                "_id": "609548f5d084f9000d9d6a56",
                "type": "info",
                "time": "2021-05-07T14:04:37.086Z",
                "log": "Updating replicas: (1/2). "
            },
            {
                "_id": "609548fbd084f9000d9d6a57",
                "type": "info",
                "time": "2021-05-07T14:04:43.108Z",
                "log": "Updating replicas: (1/2). "
            },
            {
                "_id": "60954901d084f9000d9d6a58",
                "type": "info",
                "time": "2021-05-07T14:04:49.122Z",
                "log": "Updating replicas: (1/2). "
            },
            {
                "_id": "60954907d084f9000d9d6a59",
                "type": "info",
                "time": "2021-05-07T14:04:55.136Z",
                "log": "Updating replicas: (1/2). "
            },
            {
                "_id": "6095490dd084f9000d9d6a5a",
                "type": "info",
                "time": "2021-05-07T14:05:01.154Z",
                "log": "Updating replicas: (1/2). "
            },
            {
                "_id": "60954913d084f9000d9d6a5b",
                "type": "info",
                "time": "2021-05-07T14:05:07.179Z",
                "log": "Updating replicas: (1/2). "
            },
            {
                "_id": "60954919d084f9000d9d6a5c",
                "type": "info",
                "time": "2021-05-07T14:05:13.194Z",
                "log": "Updating replicas: (1/2). "
            },
            {
                "_id": "6095491fd084f9000d9d6a5d",
                "type": "info",
                "time": "2021-05-07T14:05:19.207Z",
                "log": "Updating replicas: (1/2). "
            },
            {
                "_id": "60954925d084f9000d9d6a5e",
                "type": "info",
                "time": "2021-05-07T14:05:25.224Z",
                "log": "Updating replicas: (2/2). "
            },
            {
                "_id": "60954925d084f9000d9d6a5f",
                "type": "info",
                "time": "2021-05-07T14:05:25.237Z",
                "log": "Deployment completed"
            }
        ]
    },
    "listOfContentFileIds": [],
    "version": "1.0.0",
    "exportedDate": "2021-05-07T14:05:25.507Z",
    "exportedBy": "bhagyshree@bitpod.io",
    "workflowZip": "SJ0QAE-uu_workflow_S1TXYpGdO.zip"
}