[
    {
        "_id": "rkSGA9M_d",
        "_deleted": false,
        "_createdAt": "2021-05-07T11:01:33.372Z",
        "_modifiedAt": "2021-05-07T11:01:33.372Z",
        "_lv": 0,
        "deploymentVersion": 2,
        "backendId": "SJ0QAE-uu",
        "modelId": "fgdfffffg",
        "enabled": true,
        "name": "getData_tOGW",
        "type": "get",
        "path": "/togw",
        "returnRaw": false,
        "functionCode": "function getData_tOGW (){\n\t/**\n\t * This is a Function\n\t * Add Your Logic for this custom API here\n\t */\n}",
        "accepts": [],
        "returns": [],
        "description": [
            "no description is provided"
        ],
        "_v": 1
    },
    {
        "_id": "B1kXRcM_O",
        "_deleted": false,
        "_createdAt": "2021-05-07T11:01:42.531Z",
        "_modifiedAt": "2021-05-07T11:01:42.531Z",
        "_lv": 0,
        "deploymentVersion": 2,
        "backendId": "SJ0QAE-uu",
        "modelId": "fgdfffffg",
        "enabled": true,
        "name": "createResource_IOzG",
        "type": "post",
        "path": "/iozg",
        "returnRaw": false,
        "functionCode": "function createResource_IOzG (){\n\t/**\n\t * This is a Function\n\t * Add Your Logic for this custom API here\n\t */\n}",
        "accepts": [],
        "returns": [],
        "description": [
            "no description is provided"
        ],
        "_v": 1
    }
]