[
    {
        "_id": "H1-4-rc_O",
        "_deleted": false,
        "_createdAt": "2021-05-13T06:03:20.532Z",
        "_modifiedAt": "2021-05-13T06:03:20.532Z",
        "_lv": 0,
        "deploymentVersion": 8,
        "backendId": "SyzW4vhUO",
        "modelId": "cvn",
        "enabled": true,
        "name": "getData_zMxn",
        "type": "get",
        "path": "/zmxn",
        "returnRaw": false,
        "functionCode": "function getData_zMxn (){\n\t/**\n\t * This is a Function\n\t * Add Your Logic for this custom API here\n\t */\n}",
        "accepts": [],
        "returns": [],
        "description": [
            "no description is provided"
        ],
        "_v": 1
    },
    {
        "_id": "BkJwZBcdd",
        "_deleted": false,
        "_createdAt": "2021-05-13T06:04:06.667Z",
        "_modifiedAt": "2021-05-13T06:04:06.667Z",
        "_lv": 0,
        "deploymentVersion": 8,
        "backendId": "SyzW4vhUO",
        "modelId": "cvn",
        "enabled": true,
        "name": "createResource_bYSS",
        "type": "post",
        "path": "/byss",
        "returnRaw": false,
        "functionCode": "function createResource_bYSS (){\n\t/**\n\t * This is a Function\n\t * Add Your Logic for this custom API here\n\t */\n\n\t\n}",
        "accepts": [],
        "returns": [],
        "description": [
            "no description is provided"
        ],
        "_v": 1,
        "root": false
    }
]