[
    {
        "_id": "BkAXVLuNc_O",
        "deploymentVersion": 1,
        "backendId": "SyzW4vhUO",
        "_deleted": false,
        "_createdAt": "2021-04-20T14:23:57.936Z",
        "_modifiedAt": "2021-04-20T14:23:57.936Z",
        "system": true,
        "foreignKey": "orgId",
        "isForeignKeyAnArray": false,
        "cascadeDelete": true,
        "type": "belongsTo",
        "_lv": 1,
        "_v": 0,
        "participated_models": [
            "Organization",
            "jobDetail"
        ],
        "B": {
            "name": "myOrganization",
            "modelName": "jobDetail"
        },
        "A": {
            "name": "",
            "modelName": "Organization"
        }
    },
    {
        "_id": "B1kEELOE9du",
        "deploymentVersion": 1,
        "backendId": "SyzW4vhUO",
        "_deleted": false,
        "_createdAt": "2021-04-20T14:23:57.941Z",
        "_modifiedAt": "2021-04-20T14:23:57.941Z",
        "system": true,
        "foreignKey": "orgId",
        "isForeignKeyAnArray": false,
        "cascadeDelete": true,
        "type": "belongsTo",
        "_lv": 1,
        "_v": 0,
        "participated_models": [
            "Organization",
            "Workflow"
        ],
        "B": {
            "name": "myOrganization",
            "modelName": "Workflow"
        },
        "A": {
            "name": "",
            "modelName": "Organization"
        }
    },
    {
        "_id": "BJgNNIuN9d_",
        "deploymentVersion": 1,
        "backendId": "SyzW4vhUO",
        "_deleted": false,
        "_createdAt": "2021-04-20T14:23:57.944Z",
        "_modifiedAt": "2021-04-20T14:23:57.944Z",
        "system": true,
        "foreignKey": "orgId",
        "isForeignKeyAnArray": false,
        "cascadeDelete": true,
        "type": "belongsTo",
        "_lv": 1,
        "_v": 0,
        "participated_models": [
            "Organization",
            "Attachment"
        ],
        "B": {
            "name": "myOrganization",
            "modelName": "Attachment"
        },
        "A": {
            "name": "",
            "modelName": "Organization"
        }
    },
    {
        "_id": "rk-EE8dE9__",
        "deploymentVersion": 1,
        "backendId": "SyzW4vhUO",
        "_deleted": false,
        "_createdAt": "2021-04-20T14:23:57.944Z",
        "_modifiedAt": "2021-04-20T14:23:57.944Z",
        "system": true,
        "foreignKey": "orgId",
        "isForeignKeyAnArray": false,
        "cascadeDelete": true,
        "type": "belongsTo",
        "_lv": 1,
        "_v": 0,
        "participated_models": [
            "Organization",
            "Connection"
        ],
        "B": {
            "name": "myOrganization",
            "modelName": "Connection"
        },
        "A": {
            "name": "",
            "modelName": "Organization"
        }
    },
    {
        "_id": "HJfV4L_N5Ou",
        "deploymentVersion": 1,
        "backendId": "SyzW4vhUO",
        "_deleted": false,
        "_createdAt": "2021-04-20T14:23:58.005Z",
        "_modifiedAt": "2021-04-20T14:23:58.005Z",
        "system": true,
        "foreignKey": "userId",
        "foreignKeyType": "string",
        "isForeignKeyAnArray": false,
        "cascadeDelete": false,
        "type": "1-N Relation",
        "_lv": 1,
        "_v": 0,
        "participated_models": [
            "User",
            "AccessKey"
        ],
        "B": {
            "name": "user",
            "modelName": "AccessKey"
        },
        "A": {
            "name": "accessKeys",
            "modelName": "User"
        }
    },
    {
        "_id": "SyXE4UONc__",
        "deploymentVersion": 1,
        "backendId": "SyzW4vhUO",
        "_deleted": false,
        "_createdAt": "2021-04-20T14:23:58.005Z",
        "_modifiedAt": "2021-04-20T14:23:58.005Z",
        "system": true,
        "foreignKey": "userId",
        "foreignKeyType": "string",
        "isForeignKeyAnArray": false,
        "cascadeDelete": false,
        "type": "1-1 Relation",
        "_lv": 1,
        "_v": 0,
        "participated_models": [
            "User",
            "Attachment"
        ],
        "B": {
            "name": "owner",
            "modelName": "Attachment"
        },
        "A": {
            "name": "attachment",
            "modelName": "User"
        }
    },
    {
        "_id": "rJ4VVLuV5uO",
        "deploymentVersion": 2,
        "backendId": "SyzW4vhUO",
        "_deleted": false,
        "_createdAt": "2021-04-20T14:46:55.440Z",
        "_modifiedAt": "2021-04-20T14:46:55.440Z",
        "system": true,
        "foreignKey": "orgId",
        "isForeignKeyAnArray": false,
        "cascadeDelete": true,
        "type": "belongsTo",
        "_lv": 1,
        "_v": 0,
        "participated_models": [
            "Organization",
            "employee"
        ],
        "B": {
            "name": "myOrganization",
            "modelName": "employee"
        },
        "A": {
            "name": "",
            "modelName": "Organization"
        }
    },
    {
        "_id": "BJrNE8_4q_d",
        "deploymentVersion": 3,
        "backendId": "SyzW4vhUO",
        "_deleted": false,
        "_createdAt": "2021-05-12T05:51:16.115Z",
        "_modifiedAt": "2021-05-12T05:51:16.115Z",
        "system": true,
        "foreignKey": "orgId",
        "isForeignKeyAnArray": false,
        "cascadeDelete": true,
        "type": "belongsTo",
        "_lv": 1,
        "_v": 0,
        "participated_models": [
            "Organization",
            "shree"
        ],
        "B": {
            "name": "myOrganization",
            "modelName": "shree"
        },
        "A": {
            "name": "",
            "modelName": "Organization"
        }
    },
    {
        "_id": "609cb90411cbfc000ddd79a8",
        "deploymentVersion": 5,
        "backendId": "SyzW4vhUO",
        "_deleted": false,
        "_createdAt": "2021-05-13T05:28:36.131Z",
        "_modifiedAt": "2021-05-13T05:28:36.131Z",
        "system": true,
        "foreignKey": "orgId",
        "isForeignKeyAnArray": false,
        "cascadeDelete": true,
        "type": "belongsTo",
        "_lv": 0,
        "_v": 1,
        "participated_models": [
            "Organization",
            "fdgh"
        ],
        "B": {
            "name": "myOrganization",
            "modelName": "fdgh"
        },
        "A": {
            "name": "",
            "modelName": "Organization"
        }
    },
    {
        "_id": "609cbb3f11cbfc000ddd79a9",
        "deploymentVersion": 6,
        "backendId": "SyzW4vhUO",
        "_deleted": false,
        "_createdAt": "2021-05-13T05:38:07.727Z",
        "_modifiedAt": "2021-05-13T05:38:07.727Z",
        "system": true,
        "foreignKey": "orgId",
        "isForeignKeyAnArray": false,
        "cascadeDelete": true,
        "type": "belongsTo",
        "_lv": 0,
        "_v": 1,
        "participated_models": [
            "Organization",
            "dfgh"
        ],
        "B": {
            "name": "myOrganization",
            "modelName": "dfgh"
        },
        "A": {
            "name": "",
            "modelName": "Organization"
        }
    },
    {
        "_id": "609cbc2c11cbfc000ddd79aa",
        "deploymentVersion": 7,
        "backendId": "SyzW4vhUO",
        "_deleted": false,
        "_createdAt": "2021-05-13T05:42:04.973Z",
        "_modifiedAt": "2021-05-13T05:42:04.973Z",
        "system": true,
        "foreignKey": "orgId",
        "isForeignKeyAnArray": false,
        "cascadeDelete": true,
        "type": "belongsTo",
        "_lv": 0,
        "_v": 1,
        "participated_models": [
            "Organization",
            "cvn"
        ],
        "B": {
            "name": "myOrganization",
            "modelName": "cvn"
        },
        "A": {
            "name": "",
            "modelName": "Organization"
        }
    },
    {
        "_id": "609cc3bd3d2744140da5ea7d",
        "deploymentVersion": 8,
        "backendId": "SyzW4vhUO",
        "_deleted": false,
        "_createdAt": "2021-05-13T06:14:17.370Z",
        "_modifiedAt": "2021-05-13T06:14:17.370Z",
        "system": false,
        "foreignKey": "sfffff",
        "isForeignKeyAnArray": false,
        "type": "embedsOne",
        "_lv": 0,
        "_v": 1,
        "participated_models": [
            "cvn",
            "Rule"
        ],
        "B": {
            "name": "sd",
            "modelName": "Rule"
        },
        "A": {
            "name": "sd",
            "modelName": "cvn"
        }
    },
    {
        "_id": "609cc3c73d2744140da5ea7e",
        "deploymentVersion": 8,
        "backendId": "SyzW4vhUO",
        "_deleted": false,
        "_createdAt": "2021-05-13T06:14:28.008Z",
        "_modifiedAt": "2021-05-13T06:14:28.008Z",
        "system": false,
        "foreignKey": "accesskeyId",
        "foreignKeyType": "string",
        "isForeignKeyAnArray": false,
        "cascadeDelete": false,
        "type": "1-1 Relation",
        "_lv": 0,
        "_v": 1,
        "participated_models": [
            "AccessKey",
            "cvn"
        ],
        "B": {
            "name": "accesskey",
            "modelName": "cvn"
        },
        "A": {
            "name": "cvn",
            "modelName": "AccessKey"
        }
    },
    {
        "_id": "609cc3d43d2744140da5ea7f",
        "deploymentVersion": 8,
        "backendId": "SyzW4vhUO",
        "_deleted": false,
        "_createdAt": "2021-05-13T06:14:40.291Z",
        "_modifiedAt": "2021-05-13T06:14:40.291Z",
        "system": false,
        "foreignKey": "userId",
        "foreignKeyType": "string",
        "isForeignKeyAnArray": false,
        "cascadeDelete": false,
        "type": "1-N Relation",
        "_lv": 0,
        "_v": 1,
        "participated_models": [
            "User",
            "cvn"
        ],
        "B": {
            "name": "user",
            "modelName": "cvn"
        },
        "A": {
            "name": "cvns",
            "modelName": "User"
        }
    },
    {
        "_id": "609cc3de3d2744140da5ea80",
        "deploymentVersion": 8,
        "backendId": "SyzW4vhUO",
        "_deleted": false,
        "_createdAt": "2021-05-13T06:14:50.719Z",
        "_modifiedAt": "2021-05-13T06:14:50.719Z",
        "system": false,
        "foreignKey": "shreeIds",
        "foreignKeyType": "string",
        "isForeignKeyAnArray": true,
        "cascadeDelete": false,
        "type": "References Many",
        "_lv": 0,
        "_v": 1,
        "participated_models": [
            "cvn",
            "shree"
        ],
        "B": {
            "name": "",
            "modelName": "shree"
        },
        "A": {
            "name": "shrees",
            "modelName": "cvn"
        }
    }
]