[
    {
        "_id": "6093be2c9dd1b3000d8e1f91",
        "deploymentVersion": 1,
        "backendId": "SJ0QAE-uu",
        "_deleted": false,
        "_createdAt": "2021-05-06T10:00:12.423Z",
        "_modifiedAt": "2021-05-06T10:00:12.423Z",
        "system": true,
        "foreignKey": "orgId",
        "isForeignKeyAnArray": false,
        "cascadeDelete": true,
        "type": "belongsTo",
        "_lv": 0,
        "_v": 1,
        "participated_models": [
            "Organization",
            "Workflow"
        ],
        "B": {
            "name": "myOrganization",
            "modelName": "Workflow"
        },
        "A": {
            "name": "",
            "modelName": "Organization"
        }
    },
    {
        "_id": "6093be2c9dd1b3000d8e1f92",
        "deploymentVersion": 1,
        "backendId": "SJ0QAE-uu",
        "_deleted": false,
        "_createdAt": "2021-05-06T10:00:12.427Z",
        "_modifiedAt": "2021-05-06T10:00:12.427Z",
        "system": true,
        "foreignKey": "orgId",
        "isForeignKeyAnArray": false,
        "cascadeDelete": true,
        "type": "belongsTo",
        "_lv": 0,
        "_v": 1,
        "participated_models": [
            "Organization",
            "jobDetail"
        ],
        "B": {
            "name": "myOrganization",
            "modelName": "jobDetail"
        },
        "A": {
            "name": "",
            "modelName": "Organization"
        }
    },
    {
        "_id": "6093be2c9dd1b3000d8e1f93",
        "deploymentVersion": 1,
        "backendId": "SJ0QAE-uu",
        "_deleted": false,
        "_createdAt": "2021-05-06T10:00:12.433Z",
        "_modifiedAt": "2021-05-06T10:00:12.433Z",
        "system": true,
        "foreignKey": "orgId",
        "isForeignKeyAnArray": false,
        "cascadeDelete": true,
        "type": "belongsTo",
        "_lv": 0,
        "_v": 1,
        "participated_models": [
            "Organization",
            "Connection"
        ],
        "B": {
            "name": "myOrganization",
            "modelName": "Connection"
        },
        "A": {
            "name": "",
            "modelName": "Organization"
        }
    },
    {
        "_id": "6093be2c9dd1b3000d8e1f94",
        "deploymentVersion": 1,
        "backendId": "SJ0QAE-uu",
        "_deleted": false,
        "_createdAt": "2021-05-06T10:00:12.440Z",
        "_modifiedAt": "2021-05-06T10:00:12.440Z",
        "system": true,
        "foreignKey": "orgId",
        "isForeignKeyAnArray": false,
        "cascadeDelete": true,
        "type": "belongsTo",
        "_lv": 0,
        "_v": 1,
        "participated_models": [
            "Organization",
            "Attachment"
        ],
        "B": {
            "name": "myOrganization",
            "modelName": "Attachment"
        },
        "A": {
            "name": "",
            "modelName": "Organization"
        }
    },
    {
        "_id": "HklH4R4WOO",
        "deploymentVersion": 1,
        "backendId": "SJ0QAE-uu",
        "_deleted": false,
        "_createdAt": "2021-05-06T10:00:12.559Z",
        "_modifiedAt": "2021-05-06T10:00:12.559Z",
        "system": true,
        "foreignKey": "userId",
        "foreignKeyType": "string",
        "isForeignKeyAnArray": false,
        "cascadeDelete": false,
        "type": "1-N Relation",
        "_lv": 0,
        "_v": 1,
        "participated_models": [
            "User",
            "AccessKey"
        ],
        "B": {
            "name": "user",
            "modelName": "AccessKey"
        },
        "A": {
            "name": "accessKeys",
            "modelName": "User"
        }
    },
    {
        "_id": "H1BEA4-ud",
        "deploymentVersion": 1,
        "backendId": "SJ0QAE-uu",
        "_deleted": false,
        "_createdAt": "2021-05-06T10:00:12.551Z",
        "_modifiedAt": "2021-05-06T10:00:12.551Z",
        "system": true,
        "foreignKey": "userId",
        "foreignKeyType": "string",
        "isForeignKeyAnArray": false,
        "cascadeDelete": false,
        "type": "1-1 Relation",
        "_lv": 0,
        "_v": 1,
        "participated_models": [
            "User",
            "Attachment"
        ],
        "B": {
            "name": "owner",
            "modelName": "Attachment"
        },
        "A": {
            "name": "attachment",
            "modelName": "User"
        }
    },
    {
        "_id": "60951dfa5c9e54000df83e03",
        "deploymentVersion": 2,
        "backendId": "SJ0QAE-uu",
        "_deleted": false,
        "_createdAt": "2021-05-07T11:01:14.833Z",
        "_modifiedAt": "2021-05-07T11:01:14.833Z",
        "system": true,
        "foreignKey": "orgId",
        "isForeignKeyAnArray": false,
        "cascadeDelete": true,
        "type": "belongsTo",
        "_lv": 0,
        "_v": 1,
        "participated_models": [
            "Organization",
            "fgdfffffg"
        ],
        "B": {
            "name": "myOrganization",
            "modelName": "fgdfffffg"
        },
        "A": {
            "name": "",
            "modelName": "Organization"
        }
    },
    {
        "_id": "609548d95c9e54000df83e08",
        "deploymentVersion": 3,
        "backendId": "SJ0QAE-uu",
        "_deleted": false,
        "_createdAt": "2021-05-07T14:04:09.248Z",
        "_modifiedAt": "2021-05-07T14:04:09.248Z",
        "system": true,
        "foreignKey": "orgId",
        "isForeignKeyAnArray": false,
        "cascadeDelete": true,
        "type": "belongsTo",
        "_lv": 0,
        "_v": 1,
        "participated_models": [
            "Organization",
            "fghgjghj"
        ],
        "B": {
            "name": "myOrganization",
            "modelName": "fghgjghj"
        },
        "A": {
            "name": "",
            "modelName": "Organization"
        }
    }
]