[
    {
        "_id": "rJQeSxUgOdu",
        "deploymentVersion": 1,
        "backendId": "SyMfbiPuu",
        "_deleted": false,
        "_createdAt": "2021-05-06T10:00:12.423Z",
        "_modifiedAt": "2021-05-06T10:00:12.423Z",
        "system": true,
        "foreignKey": "orgId",
        "isForeignKeyAnArray": false,
        "cascadeDelete": true,
        "type": "belongsTo",
        "_lv": 1,
        "_v": 0,
        "participated_models": [
            "Organization",
            "Workflow"
        ],
        "B": {
            "name": "myOrganization",
            "modelName": "Workflow"
        },
        "A": {
            "name": "",
            "modelName": "Organization"
        }
    },
    {
        "_id": "By4xHlLeOO_",
        "deploymentVersion": 1,
        "backendId": "SyMfbiPuu",
        "_deleted": false,
        "_createdAt": "2021-05-06T10:00:12.427Z",
        "_modifiedAt": "2021-05-06T10:00:12.427Z",
        "system": true,
        "foreignKey": "orgId",
        "isForeignKeyAnArray": false,
        "cascadeDelete": true,
        "type": "belongsTo",
        "_lv": 1,
        "_v": 0,
        "participated_models": [
            "Organization",
            "jobDetail"
        ],
        "B": {
            "name": "myOrganization",
            "modelName": "jobDetail"
        },
        "A": {
            "name": "",
            "modelName": "Organization"
        }
    },
    {
        "_id": "HJBlSeUl_OO",
        "deploymentVersion": 1,
        "backendId": "SyMfbiPuu",
        "_deleted": false,
        "_createdAt": "2021-05-06T10:00:12.433Z",
        "_modifiedAt": "2021-05-06T10:00:12.433Z",
        "system": true,
        "foreignKey": "orgId",
        "isForeignKeyAnArray": false,
        "cascadeDelete": true,
        "type": "belongsTo",
        "_lv": 1,
        "_v": 0,
        "participated_models": [
            "Organization",
            "Connection"
        ],
        "B": {
            "name": "myOrganization",
            "modelName": "Connection"
        },
        "A": {
            "name": "",
            "modelName": "Organization"
        }
    },
    {
        "_id": "r1UxSxLguOu",
        "deploymentVersion": 1,
        "backendId": "SyMfbiPuu",
        "_deleted": false,
        "_createdAt": "2021-05-06T10:00:12.440Z",
        "_modifiedAt": "2021-05-06T10:00:12.440Z",
        "system": true,
        "foreignKey": "orgId",
        "isForeignKeyAnArray": false,
        "cascadeDelete": true,
        "type": "belongsTo",
        "_lv": 1,
        "_v": 0,
        "participated_models": [
            "Organization",
            "Attachment"
        ],
        "B": {
            "name": "myOrganization",
            "modelName": "Attachment"
        },
        "A": {
            "name": "",
            "modelName": "Organization"
        }
    },
    {
        "_id": "rkPeHlIlOd_",
        "deploymentVersion": 1,
        "backendId": "SyMfbiPuu",
        "_deleted": false,
        "_createdAt": "2021-05-06T10:00:12.559Z",
        "_modifiedAt": "2021-05-06T10:00:12.559Z",
        "system": true,
        "foreignKey": "userId",
        "foreignKeyType": "string",
        "isForeignKeyAnArray": false,
        "cascadeDelete": false,
        "type": "1-N Relation",
        "_lv": 1,
        "_v": 0,
        "participated_models": [
            "User",
            "AccessKey"
        ],
        "B": {
            "name": "user",
            "modelName": "AccessKey"
        },
        "A": {
            "name": "accessKeys",
            "modelName": "User"
        }
    },
    {
        "_id": "By_lSgLeO_u",
        "deploymentVersion": 1,
        "backendId": "SyMfbiPuu",
        "_deleted": false,
        "_createdAt": "2021-05-06T10:00:12.551Z",
        "_modifiedAt": "2021-05-06T10:00:12.551Z",
        "system": true,
        "foreignKey": "userId",
        "foreignKeyType": "string",
        "isForeignKeyAnArray": false,
        "cascadeDelete": false,
        "type": "1-1 Relation",
        "_lv": 1,
        "_v": 0,
        "participated_models": [
            "User",
            "Attachment"
        ],
        "B": {
            "name": "owner",
            "modelName": "Attachment"
        },
        "A": {
            "name": "attachment",
            "modelName": "User"
        }
    },
    {
        "_id": "S1KgSgUlOdd",
        "deploymentVersion": 2,
        "backendId": "SyMfbiPuu",
        "_deleted": false,
        "_createdAt": "2021-05-07T11:01:14.833Z",
        "_modifiedAt": "2021-05-07T11:01:14.833Z",
        "system": true,
        "foreignKey": "orgId",
        "isForeignKeyAnArray": false,
        "cascadeDelete": true,
        "type": "belongsTo",
        "_lv": 1,
        "_v": 0,
        "participated_models": [
            "Organization",
            "fgdfffffg"
        ],
        "B": {
            "name": "myOrganization",
            "modelName": "fgdfffffg"
        },
        "A": {
            "name": "",
            "modelName": "Organization"
        }
    },
    {
        "_id": "rJ9lHeLluOd",
        "deploymentVersion": 3,
        "backendId": "SyMfbiPuu",
        "_deleted": false,
        "_createdAt": "2021-05-07T14:04:09.248Z",
        "_modifiedAt": "2021-05-07T14:04:09.248Z",
        "system": true,
        "foreignKey": "orgId",
        "isForeignKeyAnArray": false,
        "cascadeDelete": true,
        "type": "belongsTo",
        "_lv": 1,
        "_v": 0,
        "participated_models": [
            "Organization",
            "fghgjghj"
        ],
        "B": {
            "name": "myOrganization",
            "modelName": "fghgjghj"
        },
        "A": {
            "name": "",
            "modelName": "Organization"
        }
    },
    {
        "_id": "ryigBeLlddO",
        "deploymentVersion": 4,
        "backendId": "SyMfbiPuu",
        "_deleted": false,
        "_createdAt": "2021-05-07T14:10:25.683Z",
        "_modifiedAt": "2021-05-07T14:10:25.683Z",
        "system": false,
        "foreignKey": "accesskeyId",
        "foreignKeyType": "string",
        "isForeignKeyAnArray": false,
        "cascadeDelete": false,
        "type": "1-1 Relation",
        "_lv": 1,
        "_v": 0,
        "participated_models": [
            "AccessKey",
            "fghgjghj"
        ],
        "B": {
            "name": "accesskey",
            "modelName": "fghgjghj"
        },
        "A": {
            "name": "fghgjghj",
            "modelName": "AccessKey"
        }
    }
]