[
    {
        "_id": "607ee3fdcc6f9b000e55ff9a",
        "deploymentVersion": 1,
        "backendId": "SyzW4vhUO",
        "_deleted": false,
        "_createdAt": "2021-04-20T14:23:57.936Z",
        "_modifiedAt": "2021-04-20T14:23:57.936Z",
        "system": true,
        "foreignKey": "orgId",
        "isForeignKeyAnArray": false,
        "cascadeDelete": true,
        "type": "belongsTo",
        "_lv": 0,
        "_v": 1,
        "participated_models": [
            "Organization",
            "jobDetail"
        ],
        "B": {
            "name": "myOrganization",
            "modelName": "jobDetail"
        },
        "A": {
            "name": "",
            "modelName": "Organization"
        }
    },
    {
        "_id": "607ee3fdcc6f9b000e55ff99",
        "deploymentVersion": 1,
        "backendId": "SyzW4vhUO",
        "_deleted": false,
        "_createdAt": "2021-04-20T14:23:57.941Z",
        "_modifiedAt": "2021-04-20T14:23:57.941Z",
        "system": true,
        "foreignKey": "orgId",
        "isForeignKeyAnArray": false,
        "cascadeDelete": true,
        "type": "belongsTo",
        "_lv": 0,
        "_v": 1,
        "participated_models": [
            "Organization",
            "Workflow"
        ],
        "B": {
            "name": "myOrganization",
            "modelName": "Workflow"
        },
        "A": {
            "name": "",
            "modelName": "Organization"
        }
    },
    {
        "_id": "607ee3fdcc6f9b000e55ff9c",
        "deploymentVersion": 1,
        "backendId": "SyzW4vhUO",
        "_deleted": false,
        "_createdAt": "2021-04-20T14:23:57.944Z",
        "_modifiedAt": "2021-04-20T14:23:57.944Z",
        "system": true,
        "foreignKey": "orgId",
        "isForeignKeyAnArray": false,
        "cascadeDelete": true,
        "type": "belongsTo",
        "_lv": 0,
        "_v": 1,
        "participated_models": [
            "Organization",
            "Attachment"
        ],
        "B": {
            "name": "myOrganization",
            "modelName": "Attachment"
        },
        "A": {
            "name": "",
            "modelName": "Organization"
        }
    },
    {
        "_id": "607ee3fdcc6f9b000e55ff9b",
        "deploymentVersion": 1,
        "backendId": "SyzW4vhUO",
        "_deleted": false,
        "_createdAt": "2021-04-20T14:23:57.944Z",
        "_modifiedAt": "2021-04-20T14:23:57.944Z",
        "system": true,
        "foreignKey": "orgId",
        "isForeignKeyAnArray": false,
        "cascadeDelete": true,
        "type": "belongsTo",
        "_lv": 0,
        "_v": 1,
        "participated_models": [
            "Organization",
            "Connection"
        ],
        "B": {
            "name": "myOrganization",
            "modelName": "Connection"
        },
        "A": {
            "name": "",
            "modelName": "Organization"
        }
    },
    {
        "_id": "HJvD8ZNvhLd",
        "deploymentVersion": 1,
        "backendId": "SyzW4vhUO",
        "_deleted": false,
        "_createdAt": "2021-04-20T14:23:58.005Z",
        "_modifiedAt": "2021-04-20T14:23:58.005Z",
        "system": true,
        "foreignKey": "userId",
        "foreignKeyType": "string",
        "isForeignKeyAnArray": false,
        "cascadeDelete": false,
        "type": "1-N Relation",
        "_lv": 0,
        "_v": 1,
        "participated_models": [
            "User",
            "AccessKey"
        ],
        "B": {
            "name": "user",
            "modelName": "AccessKey"
        },
        "A": {
            "name": "accessKeys",
            "modelName": "User"
        }
    },
    {
        "_id": "r1IwUbNw2Ud",
        "deploymentVersion": 1,
        "backendId": "SyzW4vhUO",
        "_deleted": false,
        "_createdAt": "2021-04-20T14:23:58.005Z",
        "_modifiedAt": "2021-04-20T14:23:58.005Z",
        "system": true,
        "foreignKey": "userId",
        "foreignKeyType": "string",
        "isForeignKeyAnArray": false,
        "cascadeDelete": false,
        "type": "1-1 Relation",
        "_lv": 0,
        "_v": 1,
        "participated_models": [
            "User",
            "Attachment"
        ],
        "B": {
            "name": "owner",
            "modelName": "Attachment"
        },
        "A": {
            "name": "attachment",
            "modelName": "User"
        }
    },
    {
        "_id": "607ee95fcc6f9b000e55ff9d",
        "deploymentVersion": 2,
        "backendId": "SyzW4vhUO",
        "_deleted": false,
        "_createdAt": "2021-04-20T14:46:55.440Z",
        "_modifiedAt": "2021-04-20T14:46:55.440Z",
        "system": true,
        "foreignKey": "orgId",
        "isForeignKeyAnArray": false,
        "cascadeDelete": true,
        "type": "belongsTo",
        "_lv": 0,
        "_v": 1,
        "participated_models": [
            "Organization",
            "employee"
        ],
        "B": {
            "name": "myOrganization",
            "modelName": "employee"
        },
        "A": {
            "name": "",
            "modelName": "Organization"
        }
    },
    {
        "_id": "609b6cd411cbfc000ddd799e",
        "deploymentVersion": 3,
        "backendId": "SyzW4vhUO",
        "_deleted": false,
        "_createdAt": "2021-05-12T05:51:16.115Z",
        "_modifiedAt": "2021-05-12T05:51:16.115Z",
        "system": true,
        "foreignKey": "orgId",
        "isForeignKeyAnArray": false,
        "cascadeDelete": true,
        "type": "belongsTo",
        "_lv": 0,
        "_v": 1,
        "participated_models": [
            "Organization",
            "shree"
        ],
        "B": {
            "name": "myOrganization",
            "modelName": "shree"
        },
        "A": {
            "name": "",
            "modelName": "Organization"
        }
    }
]