[
    {
        "_id": "B184VUu4qdd",
        "deploymentVersion": 1,
        "name": "User",
        "plural": "users",
        "properties": {
            "id": {
                "required": true,
                "label": "",
                "type": "string",
                "isArray": false,
                "propertyName": "id",
                "id": true,
                "index": true,
                "builtIn": true,
                "displayInView": true,
                "defaultVal": ""
            },
            "username": {
                "label": "",
                "type": "string",
                "isArray": false,
                "propertyName": "username",
                "builtIn": true,
                "displayInView": true,
                "defaultVal": ""
            },
            "email": {
                "label": "",
                "type": "string",
                "isArray": false,
                "propertyName": "email",
                "builtIn": true,
                "displayInView": true,
                "defaultVal": "",
                "required": true
            },
            "name": {
                "label": "",
                "type": "string",
                "isArray": false,
                "propertyName": "name",
                "builtIn": true,
                "displayInView": true,
                "defaultVal": ""
            },
            "createdDate": {
                "label": "",
                "type": "string",
                "isArray": false,
                "propertyName": "createdDate",
                "builtIn": true,
                "displayInView": true,
                "defaultVal": ""
            },
            "modifiedDate": {
                "label": "",
                "type": "string",
                "isArray": false,
                "propertyName": "modifiedDate",
                "builtIn": true,
                "displayInView": true,
                "defaultVal": ""
            },
            "timezone": {
                "label": "",
                "type": "Object",
                "isArray": false,
                "propertyName": "timezone",
                "builtIn": true,
                "displayInView": true,
                "defaultVal": ""
            },
            "language": {
                "label": "",
                "type": "string",
                "isArray": false,
                "propertyName": "language",
                "builtIn": true,
                "displayInView": true,
                "defaultVal": ""
            },
            "phone": {
                "label": "",
                "type": "string",
                "isArray": false,
                "propertyName": "phone",
                "builtIn": true,
                "displayInView": true,
                "defaultVal": ""
            },
            "picture": {
                "label": "",
                "type": "string",
                "isArray": false,
                "propertyName": "picture",
                "builtIn": true,
                "displayInView": true,
                "defaultVal": ""
            },
            "status": {
                "label": "",
                "type": "string",
                "isArray": false,
                "propertyName": "status",
                "builtIn": true,
                "displayInView": true,
                "defaultVal": ""
            }
        },
        "persistedModel": true,
        "_doctype": "Model",
        "backendId": "SyzW4vhUO",
        "dataSource": "mongoDb",
        "builtIn": true,
        "_deleted": false,
        "_createdAt": "2021-04-21T14:13:07.142Z",
        "_modifiedAt": "2021-04-21T14:13:07.142Z",
        "_lv": 0,
        "strict": true,
        "mixins": {
            "StringIdGenerationMixin": true,
            "Deletemixin": {
                "softDelete": true
            }
        },
        "permissions": {
            "categories": {
                "create": {
                    "roles": [
                        "$instanceowner"
                    ],
                    "categoryName": "create"
                },
                "read": {
                    "roles": [
                        "$instanceowner"
                    ],
                    "categoryName": "read"
                },
                "update": {
                    "roles": [
                        "$owner",
                        "$instanceowner"
                    ],
                    "categoryName": "update"
                },
                "delete": {
                    "roles": [
                        "$instanceowner"
                    ],
                    "categoryName": "delete"
                }
            },
            "apis": {
                "User@prototype@__delete__AccessKey": {
                    "name": "__delete__AccessKey",
                    "verb": "delete",
                    "roles": [
                        "$owner"
                    ],
                    "operationId": "User@prototype@__delete__AccessKey"
                },
                "User@prototype@__destroyById__AccessKey": {
                    "name": "__destroyById__AccessKey",
                    "verb": "delete",
                    "roles": [
                        "$owner",
                        "$instanceowner"
                    ],
                    "operationId": "User@prototype@__destroyById__AccessKey"
                },
                "User@me": {
                    "name": "me",
                    "verb": "get",
                    "roles": [
                        "$authenticated"
                    ],
                    "operationId": "User@me"
                },
                "User@prototype@__get__AccessKey": {
                    "name": "__get__AccessKey",
                    "verb": "get",
                    "roles": [
                        "$owner",
                        "$instanceowner"
                    ],
                    "operationId": "User@prototype@__get__AccessKey"
                },
                "User@prototype@__findById__AccessKey": {
                    "name": "__findById__AccessKey",
                    "verb": "get",
                    "roles": [
                        "$owner",
                        "$instanceowner"
                    ],
                    "operationId": "User@prototype@__findById__AccessKey"
                },
                "User@findById": {
                    "name": "findById",
                    "verb": "get",
                    "roles": [
                        "$owner",
                        "$instanceowner"
                    ],
                    "operationId": "User@findById"
                },
                "User@prototype@__create__AccessKey": {
                    "operationId": "User@prototype@__create__AccessKey",
                    "roles": [
                        "$instanceowner",
                        "$owner"
                    ],
                    "verb": "post",
                    "name": "__create__AccessKey"
                }
            }
        },
        "tags": [],
        "disabledAPI": [],
        "_v": 1,
        "relatedTo": [],
        "acls": [
            {
                "accessType": "*",
                "principalType": "ROLE",
                "principalId": "$authenticated",
                "permission": "ALLOW",
                "property": "*"
            }
        ]
    },
    {
        "_id": "SkPEN8_Vc__",
        "deploymentVersion": 1,
        "name": "Connection",
        "plural": "Connections",
        "properties": {
            "id": {
                "required": true,
                "label": "id",
                "type": "string",
                "isArray": false,
                "propertyName": "id",
                "id": true,
                "index": true,
                "builtIn": true,
                "displayInView": true,
                "defaultVal": ""
            },
            "OwnerId": {
                "label": "",
                "type": "string",
                "isArray": false,
                "propertyName": "OwnerId",
                "system": true,
                "id": false,
                "index": false,
                "displayInView": true,
                "defaultVal": ""
            },
            "ServiceId": {
                "label": "",
                "type": "string",
                "isArray": false,
                "propertyName": "ServiceId",
                "system": true,
                "id": false,
                "index": false,
                "displayInView": true,
                "defaultVal": ""
            },
            "Status": {
                "label": "",
                "type": "string",
                "isArray": false,
                "propertyName": "Status",
                "system": true,
                "id": false,
                "index": false,
                "displayInView": true,
                "defaultVal": ""
            },
            "ProfileName": {
                "label": "",
                "type": "string",
                "isArray": false,
                "propertyName": "ProfileName",
                "system": true,
                "id": false,
                "index": false,
                "displayInView": true,
                "defaultVal": ""
            },
            "ProfileId": {
                "label": "",
                "type": "string",
                "isArray": false,
                "propertyName": "ProfileId",
                "system": true,
                "id": false,
                "index": false,
                "displayInView": true,
                "defaultVal": ""
            },
            "CreatorName": {
                "label": "",
                "type": "string",
                "isArray": false,
                "propertyName": "CreatorName",
                "system": true,
                "id": false,
                "index": false,
                "displayInView": true,
                "defaultVal": ""
            },
            "CreatorId": {
                "label": "",
                "type": "string",
                "isArray": false,
                "propertyName": "CreatorId",
                "system": true,
                "id": false,
                "index": false,
                "displayInView": true,
                "defaultVal": ""
            },
            "AccessType": {
                "label": "",
                "type": "string",
                "isArray": false,
                "propertyName": "AccessType",
                "system": true,
                "id": false,
                "index": false,
                "displayInView": true,
                "defaultVal": "private"
            },
            "MetaData": {
                "label": "",
                "type": "Object",
                "isArray": false,
                "propertyName": "MetaData",
                "system": true,
                "id": false,
                "index": false,
                "displayInView": true,
                "defaultVal": ""
            },
            "orgId": {
                "description": "",
                "displayInView": true,
                "id": false,
                "label": "orgId",
                "system": true,
                "propertyName": "orgId",
                "type": "number"
            }
        },
        "persistedModel": true,
        "_doctype": "Model",
        "backendId": "SyzW4vhUO",
        "dataSource": "mongoDb",
        "system": true,
        "_deleted": false,
        "_createdAt": "2021-04-21T14:13:07.125Z",
        "_modifiedAt": "2021-04-21T14:13:07.125Z",
        "_lv": 1,
        "strict": true,
        "mixins": {
            "TrackChanges": false,
            "TenantMixin": true,
            "DeleteCascadeMixin": {
                "relations": []
            },
            "Disableapi": {
                "disabledAPIs": []
            },
            "Deletemixin": {
                "softDelete": true
            }
        },
        "permissions": {
            "categories": {
                "create": {
                    "roles": [
                        "$authenticated"
                    ],
                    "categoryName": "create"
                },
                "read": {
                    "roles": [
                        "$authenticated"
                    ],
                    "categoryName": "read"
                },
                "update": {
                    "roles": [
                        "$authenticated"
                    ],
                    "categoryName": "update"
                },
                "delete": {
                    "roles": [
                        "$authenticated"
                    ],
                    "categoryName": "delete"
                }
            }
        },
        "tags": [],
        "disabledAPI": [],
        "_v": 0,
        "relatedTo": [],
        "acls": [
            {
                "accessType": "*",
                "principalType": "ROLE",
                "principalId": "$authenticated",
                "permission": "ALLOW",
                "property": "*"
            }
        ]
    },
    {
        "_id": "BJu4EL_49du",
        "deploymentVersion": 1,
        "name": "mapping",
        "plural": "mappings",
        "properties": {
            "id": {
                "required": true,
                "label": "",
                "type": "string",
                "isArray": false,
                "propertyName": "id",
                "id": true,
                "index": true,
                "builtIn": true,
                "displayInView": true,
                "defaultVal": ""
            },
            "mappingName": {
                "required": "on",
                "label": "",
                "type": "string",
                "isArray": false,
                "propertyName": "mappingName",
                "system": true,
                "id": false,
                "index": false,
                "displayInView": true,
                "defaultVal": ""
            },
            "modelId": {
                "required": "on",
                "label": "",
                "type": "string",
                "isArray": false,
                "propertyName": "modelId",
                "id": false,
                "system": true,
                "index": false,
                "displayInView": true,
                "defaultVal": ""
            },
            "createdBy": {
                "required": "on",
                "label": "",
                "type": "string",
                "isArray": false,
                "propertyName": "createdBy",
                "system": true,
                "id": false,
                "index": false,
                "displayInView": true,
                "defaultVal": ""
            },
            "modifiedBy": {
                "required": "on",
                "label": "",
                "type": "string",
                "isArray": false,
                "propertyName": "modifiedBy",
                "id": false,
                "system": true,
                "index": false,
                "displayInView": true,
                "defaultVal": ""
            },
            "createdDate": {
                "required": "on",
                "label": "H",
                "type": "Date",
                "isArray": false,
                "system": true,
                "propertyName": "createdDate",
                "id": false,
                "index": false,
                "displayInView": true,
                "defaultVal": ""
            },
            "modifiedDate": {
                "required": "on",
                "label": "H",
                "type": "Date",
                "system": true,
                "isArray": false,
                "propertyName": "modifiedDate",
                "id": false,
                "index": false,
                "displayInView": true,
                "defaultVal": ""
            }
        },
        "persistedModel": true,
        "_doctype": "Model",
        "backendId": "SyzW4vhUO",
        "dataSource": "mongoDb",
        "system": true,
        "_deleted": false,
        "_createdAt": "2021-04-21T14:13:07.123Z",
        "_modifiedAt": "2021-04-21T14:13:07.123Z",
        "_lv": 1,
        "strict": false,
        "mixins": {
            "StringIdGenerationMixin": true,
            "DefaultDataMembers": true,
            "Deletemixin": {
                "softDelete": true
            }
        },
        "permissions": {
            "categories": {
                "create": {
                    "roles": [
                        "$authenticated"
                    ],
                    "categoryName": "create"
                },
                "read": {
                    "roles": [
                        "$authenticated"
                    ],
                    "categoryName": "read"
                },
                "update": {
                    "roles": [
                        "$authenticated"
                    ],
                    "categoryName": "update"
                },
                "delete": {
                    "roles": [
                        "$authenticated"
                    ],
                    "categoryName": "delete"
                }
            }
        },
        "tags": [],
        "disabledAPI": [],
        "_v": 0,
        "relatedTo": [],
        "acls": [
            {
                "accessType": "*",
                "principalType": "ROLE",
                "principalId": "$authenticated",
                "permission": "ALLOW",
                "property": "*"
            }
        ]
    },
    {
        "_id": "H1YNELdV9OO",
        "deploymentVersion": 1,
        "name": "Workflow",
        "plural": "Workflows",
        "properties": {
            "id": {
                "required": true,
                "label": "id",
                "type": "string",
                "isArray": false,
                "propertyName": "id",
                "id": true,
                "index": true,
                "builtIn": true,
                "displayInView": true,
                "defaultVal": ""
            },
            "Name": {
                "label": "",
                "type": "string",
                "isArray": false,
                "propertyName": "Name",
                "system": true,
                "id": false,
                "index": false,
                "displayInView": true,
                "defaultVal": ""
            },
            "Key": {
                "label": "",
                "type": "string",
                "isArray": false,
                "propertyName": "Key",
                "system": true,
                "id": false,
                "index": false,
                "displayInView": true,
                "defaultVal": ""
            },
            "DeploymentId": {
                "label": "",
                "type": "string",
                "isArray": false,
                "propertyName": "DeploymentId",
                "system": true,
                "id": false,
                "index": false,
                "displayInView": true,
                "defaultVal": ""
            },
            "Description": {
                "label": "",
                "type": "string",
                "isArray": false,
                "propertyName": "Description",
                "system": true,
                "id": false,
                "index": false,
                "displayInView": true,
                "defaultVal": ""
            },
            "XML": {
                "label": "",
                "type": "string",
                "isArray": false,
                "propertyName": "XML",
                "system": true,
                "id": false,
                "index": false,
                "displayInView": true,
                "defaultVal": ""
            },
            "orgId": {
                "description": "",
                "displayInView": true,
                "id": false,
                "label": "orgId",
                "system": true,
                "propertyName": "orgId",
                "type": "number"
            }
        },
        "persistedModel": true,
        "_doctype": "Model",
        "backendId": "SyzW4vhUO",
        "dataSource": "mongoDb",
        "system": true,
        "_deleted": false,
        "_createdAt": "2021-04-21T14:13:07.121Z",
        "_modifiedAt": "2021-04-21T14:13:07.121Z",
        "_lv": 1,
        "strict": true,
        "mixins": {
            "TrackChanges": false,
            "TenantMixin": true,
            "DeleteCascadeMixin": {
                "relations": []
            },
            "Disableapi": {
                "disabledAPIs": []
            },
            "Deletemixin": {
                "softDelete": true
            }
        },
        "permissions": {
            "categories": {
                "create": {
                    "roles": [
                        "$authenticated"
                    ],
                    "categoryName": "create"
                },
                "read": {
                    "roles": [
                        "$authenticated"
                    ],
                    "categoryName": "read"
                },
                "update": {
                    "roles": [
                        "$authenticated"
                    ],
                    "categoryName": "update"
                },
                "delete": {
                    "roles": [
                        "$authenticated"
                    ],
                    "categoryName": "delete"
                }
            }
        },
        "tags": [],
        "disabledAPI": [],
        "_v": 0,
        "relatedTo": [],
        "acls": [
            {
                "accessType": "*",
                "principalType": "ROLE",
                "principalId": "$authenticated",
                "permission": "ALLOW",
                "property": "*"
            }
        ]
    },
    {
        "_id": "BJqEEUd4cdO",
        "deploymentVersion": 1,
        "name": "Attachment",
        "plural": "Attachments",
        "properties": {
            "id": {
                "required": true,
                "label": "",
                "type": "string",
                "isArray": false,
                "propertyName": "id",
                "id": true,
                "index": true,
                "builtIn": true,
                "displayInView": true,
                "defaultVal": ""
            },
            "fileName": {
                "label": "",
                "type": "string",
                "isArray": false,
                "propertyName": "fileName",
                "system": true,
                "id": false,
                "index": false,
                "displayInView": true,
                "defaultVal": ""
            },
            "contentType": {
                "label": "",
                "type": "string",
                "isArray": false,
                "propertyName": "contentType",
                "system": true,
                "id": false,
                "index": false,
                "displayInView": true,
                "defaultVal": ""
            },
            "size": {
                "label": "",
                "type": "number",
                "isArray": false,
                "propertyName": "size",
                "system": true,
                "id": false,
                "index": false,
                "displayInView": true,
                "defaultVal": ""
            },
            "encoding": {
                "label": "",
                "type": "string",
                "isArray": false,
                "propertyName": "encoding",
                "system": true,
                "id": false,
                "index": false,
                "displayInView": true,
                "defaultVal": ""
            }
        },
        "persistedModel": true,
        "_doctype": "Model",
        "backendId": "SyzW4vhUO",
        "dataSource": "mongoDb",
        "system": true,
        "_deleted": false,
        "_createdAt": "2021-04-21T14:13:07.112Z",
        "_modifiedAt": "2021-04-21T14:13:07.112Z",
        "_lv": 1,
        "strict": true,
        "mixins": {
            "TenantMixin": true,
            "Deletemixin": {
                "softDelete": true
            }
        },
        "permissions": {
            "categories": {
                "create": {
                    "roles": [
                        "$orguser"
                    ],
                    "categoryName": "create"
                },
                "read": {
                    "roles": [
                        "$orguser"
                    ],
                    "categoryName": "read"
                },
                "update": {
                    "roles": [
                        "$orguser"
                    ],
                    "categoryName": "update"
                },
                "delete": {
                    "roles": [
                        "$orguser"
                    ],
                    "categoryName": "delete"
                }
            }
        },
        "tags": [],
        "disabledAPI": [],
        "_v": 0,
        "relatedTo": [],
        "acls": [
            {
                "accessType": "*",
                "principalType": "ROLE",
                "principalId": "$owner",
                "permission": "ALLOW"
            }
        ]
    },
    {
        "_id": "BysNV8_Vcu_",
        "deploymentVersion": 1,
        "name": "Organization",
        "plural": "Organizations",
        "properties": {
            "id": {
                "type": "Number",
                "id": true,
                "required": true,
                "propertyName": "id",
                "label": "id",
                "index": true,
                "builtIn": true,
                "system": true
            },
            "name": {
                "type": "String",
                "required": true,
                "label": "name",
                "propertyName": "name",
                "index": true,
                "builtIn": true,
                "displayInView": true
            },
            "description": {
                "type": "string",
                "required": false,
                "label": "description",
                "propertyName": "description",
                "builtIn": true,
                "displayInView": true,
                "id": false,
                "index": false
            },
            "logoUrl": {
                "type": "String",
                "required": false,
                "label": "logo",
                "propertyName": "logo",
                "builtIn": true,
                "displayInView": true,
                "id": false,
                "index": false
            },
            "phoneno": {
                "type": "Number",
                "required": false,
                "label": "phoneno",
                "propertyName": "phoneno",
                "builtIn": true,
                "displayInView": true,
                "id": false,
                "index": false
            },
            "address": {
                "type": "String",
                "required": false,
                "label": "address",
                "propertyName": "address",
                "builtIn": true,
                "displayInView": true,
                "id": false,
                "index": false
            },
            "admin": {
                "required": false,
                "label": "admin",
                "type": "string",
                "isArray": false,
                "propertyName": "admin",
                "id": false,
                "index": false,
                "displayInView": true,
                "defaultVal": "",
                "builtIn": true
            },
            "defaultDomain": {
                "required": false,
                "type": "boolean",
                "isArray": false,
                "propertyName": "defaultDomain",
                "label": "defaultDomain",
                "displayInView": true,
                "id": false,
                "index": false,
                "builtIn": true
            }
        },
        "persistedModel": true,
        "_doctype": "Model",
        "backendId": "SyzW4vhUO",
        "dataSource": "mongoDb",
        "system": true,
        "_deleted": false,
        "_createdAt": "2021-04-21T14:13:07.110Z",
        "_modifiedAt": "2021-04-21T14:13:07.110Z",
        "_lv": 1,
        "strict": true,
        "mixins": {
            "Deletemixin": {
                "softDelete": true
            }
        },
        "permissions": {
            "categories": {
                "create": {
                    "roles": [],
                    "categoryName": "create"
                },
                "read": {
                    "roles": [],
                    "categoryName": "read"
                },
                "update": {
                    "roles": [],
                    "categoryName": "update"
                },
                "delete": {
                    "roles": [],
                    "categoryName": "delete"
                }
            },
            "apis": {
                "Organization@find": {
                    "name": "find",
                    "verb": "get",
                    "roles": [
                        "$authenticated"
                    ],
                    "operationId": "Organization@find"
                },
                "Organization@findById": {
                    "name": "findById",
                    "verb": "get",
                    "roles": [
                        "$authenticated"
                    ],
                    "operationId": "Organization@findById"
                },
                "Organization@createOrganization": {
                    "name": "createOrganization",
                    "verb": "post",
                    "roles": [
                        "$instanceowner"
                    ],
                    "operationId": "Organization@createOrganization"
                },
                "Organization@jsonSchema": {
                    "name": "jsonSchema",
                    "verb": "get",
                    "roles": [
                        "$authenticated"
                    ],
                    "operationId": "Organization@jsonSchema"
                },
                "Organization@list": {
                    "name": "list",
                    "verb": "get",
                    "roles": [
                        "$authenticated"
                    ],
                    "operationId": "Organization@list"
                },
                "Organization@listUsers": {
                    "name": "list",
                    "verb": "get",
                    "roles": [
                        "$instanceowner"
                    ],
                    "operationId": "Organization@listUsers"
                },
                "Organization@prototype@updateAttributes__put_Organizations_{id}": {
                    "name": "updateAttributes",
                    "verb": "put",
                    "roles": [
                        "$instanceowner",
                        "$orgowner"
                    ],
                    "operationId": "Organization@prototype@updateAttributes__put_Organizations_{id}"
                },
                "Organization@prototype@updateAttributes__patch_Organizations_{id}": {
                    "name": "updateAttributes",
                    "verb": "patch",
                    "roles": [
                        "$instanceowner",
                        "$orgowner"
                    ],
                    "operationId": "Organization@prototype@updateAttributes__patch_Organizations_{id}"
                },
                "Organization@deleteOrganizationById": {
                    "name": "deleteOrganizationById",
                    "verb": "delete",
                    "roles": [
                        "$instanceowner"
                    ],
                    "operationId": "Organization@deleteOrganizationById"
                },
                "Organization@undeleteById": {
                    "name": "undeleteById",
                    "verb": "post",
                    "roles": [
                        "$instanceowner"
                    ],
                    "operationId": "Organization@undeleteById"
                },
                "Organization@hardDeleteById": {
                    "name": "hardDeleteById",
                    "verb": "delete",
                    "roles": [
                        "$instanceowner"
                    ],
                    "operationId": "Organization@hardDeleteById"
                },
                "Organization@prototype@__create__OrganizationDomains": {
                    "name": "__create__OrganizationDomains",
                    "verb": "post",
                    "roles": [
                        "$instanceowner",
                        "$orgowner"
                    ],
                    "operationId": "Organization@prototype@__create__OrganizationDomains"
                },
                "Organization@prototype@__destroyById__OrganizationDomains": {
                    "name": "__destroyById__OrganizationDomains",
                    "verb": "delete",
                    "roles": [
                        "$instanceowner",
                        "$orgowner"
                    ],
                    "operationId": "Organization@prototype@__destroyById__OrganizationDomains"
                },
                "Organization@prototype@__get__OrganizationDomains": {
                    "name": "__get__OrganizationDomains",
                    "verb": "get",
                    "roles": [
                        "$authenticated"
                    ],
                    "operationId": "Organization@prototype@__get__OrganizationDomains"
                },
                "Organization@addOrgUser": {
                    "name": "addOrgUser",
                    "verb": "post",
                    "roles": [
                        "$instanceowner",
                        "$orgowner"
                    ],
                    "operationId": "Organization@addOrgUser"
                },
                "Organization@getOrgUserById": {
                    "name": "getOrgUserById",
                    "verb": "get",
                    "roles": [
                        "$instanceowner",
                        "$orguser"
                    ],
                    "operationId": "Organization@getOrgUserById"
                },
                "Organization@getOrgUsers": {
                    "name": "getOrgUsers",
                    "verb": "get",
                    "roles": [
                        "$instanceowner",
                        "$orguser"
                    ],
                    "operationId": "Organization@getOrgUsers"
                },
                "Organization@getOrgUsersCount": {
                    "name": "getOrgUsersCount",
                    "verb": "get",
                    "roles": [
                        "$instanceowner",
                        "$orguser"
                    ],
                    "operationId": "Organization@getOrgUsersCount"
                },
                "Organization@removeOrgUser": {
                    "name": "removeOrgUser",
                    "verb": "delete",
                    "roles": [
                        "$instanceowner",
                        "$orgowner"
                    ],
                    "operationId": "Organization@removeOrgUser"
                },
                "Organization@assignRoleToOrgUser": {
                    "name": "assignRoleToOrgUser",
                    "verb": "delete",
                    "roles": [
                        "$instanceowner",
                        "$orgowner"
                    ],
                    "operationId": "Organization@assignRoleToOrgUser"
                },
                "Organization@revokeRoleFromOrgUser": {
                    "name": "revokeRoleFromOrgUser",
                    "verb": "delete",
                    "roles": [
                        "$instanceowner",
                        "$orgowner"
                    ],
                    "operationId": "Organization@revokeRoleFromOrgUser"
                },
                "Organization@fetchUserAccessKeys": {
                    "name": "fetchUserAccessKeys",
                    "verb": "get",
                    "roles": [
                        "$instanceowner"
                    ],
                    "operationId": "Organization@fetchUserAccessKeys"
                },
                "Organization@addUserAccessKeys": {
                    "name": "addUserAccessKeys",
                    "verb": "post",
                    "roles": [
                        "$instanceowner",
                        "$owner"
                    ],
                    "operationId": "Organization@addUserAccessKeys"
                },
                "Organization@removeUserAccessKeys": {
                    "name": "removeUserAccessKeys",
                    "verb": "delete",
                    "roles": [
                        "$instanceowner",
                        "$owner"
                    ],
                    "operationId": "Organization@removeUserAccessKeys"
                },
                "Organization@fetchRoleFromOrgUser": {
                    "name": "fetchRoleFromOrgUser",
                    "verb": "get",
                    "roles": [
                        "$instanceowner",
                        "$orguser"
                    ],
                    "operationId": "Organization@fetchRoleFromOrgUser"
                }
            }
        },
        "tags": [],
        "disabledAPI": [],
        "_v": 0,
        "relatedTo": [],
        "acls": [
            {
                "accessType": "*",
                "principalType": "ROLE",
                "principalId": "$authenticated",
                "permission": "ALLOW",
                "property": "*"
            }
        ]
    },
    {
        "_id": "r1hVVLdEcu_",
        "deploymentVersion": 1,
        "name": "jobDetail",
        "plural": "jobDetails",
        "properties": {
            "id": {
                "required": true,
                "label": "",
                "type": "string",
                "isArray": false,
                "propertyName": "id",
                "id": true,
                "index": true,
                "builtIn": true,
                "displayInView": true,
                "defaultVal": ""
            },
            "jobType": {
                "required": "on",
                "label": "",
                "type": "string",
                "isArray": false,
                "propertyName": "jobType",
                "system": true,
                "id": false,
                "index": false,
                "displayInView": true,
                "defaultVal": "Import Data"
            },
            "userId": {
                "required": "on",
                "label": "",
                "type": "string",
                "isArray": false,
                "propertyName": "userId",
                "id": false,
                "system": true,
                "index": false,
                "displayInView": true,
                "defaultVal": ""
            },
            "fileName": {
                "required": "on",
                "label": "",
                "type": "string",
                "isArray": false,
                "propertyName": "fileName",
                "id": false,
                "system": true,
                "index": false,
                "displayInView": true,
                "defaultVal": ""
            },
            "mappingId": {
                "required": false,
                "label": "",
                "type": "string",
                "isArray": false,
                "propertyName": "mappingId",
                "id": false,
                "system": true,
                "index": false,
                "displayInView": true,
                "defaultVal": ""
            },
            "modelId": {
                "required": "on",
                "label": "",
                "type": "string",
                "isArray": false,
                "propertyName": "modelId",
                "id": false,
                "system": true,
                "index": false,
                "displayInView": true,
                "defaultVal": ""
            },
            "modelPluralName": {
                "required": "on",
                "label": "",
                "type": "string",
                "isArray": false,
                "propertyName": "modelId",
                "id": false,
                "system": true,
                "index": false,
                "displayInView": true,
                "defaultVal": ""
            },
            "modelName": {
                "required": false,
                "label": "",
                "type": "string",
                "isArray": false,
                "propertyName": "modelName",
                "id": false,
                "index": false,
                "displayInView": true,
                "defaultVal": "",
                "system": true
            },
            "processStatus": {
                "required": "on",
                "label": "",
                "type": "string",
                "isArray": false,
                "propertyName": "processStatus",
                "id": false,
                "system": true,
                "index": false,
                "displayInView": true,
                "defaultVal": ""
            },
            "startRecordId": {
                "required": false,
                "label": "",
                "type": "string",
                "isArray": false,
                "propertyName": "startRecordId",
                "id": false,
                "system": true,
                "index": false,
                "displayInView": true,
                "defaultVal": ""
            },
            "endRecordId": {
                "required": false,
                "label": "",
                "type": "string",
                "isArray": false,
                "propertyName": "endRecordId",
                "id": false,
                "system": true,
                "index": false,
                "displayInView": true,
                "defaultVal": ""
            },
            "createdDate": {
                "required": "on",
                "label": "",
                "type": "Date",
                "isArray": false,
                "propertyName": "createdDate",
                "id": false,
                "system": true,
                "index": false,
                "displayInView": true,
                "defaultVal": ""
            },
            "modifiedDate": {
                "required": "on",
                "label": "",
                "type": "Date",
                "isArray": false,
                "propertyName": "modifiedDate",
                "id": false,
                "system": true,
                "index": false,
                "displayInView": true,
                "defaultVal": ""
            }
        },
        "persistedModel": true,
        "_doctype": "Model",
        "backendId": "SyzW4vhUO",
        "dataSource": "mongoDb",
        "system": true,
        "_deleted": false,
        "_createdAt": "2021-04-21T14:13:07.109Z",
        "_modifiedAt": "2021-04-21T14:13:07.109Z",
        "_lv": 1,
        "strict": false,
        "mixins": {
            "TenantMixin": true,
            "Deletemixin": {
                "softDelete": true
            }
        },
        "permissions": {
            "categories": {
                "create": {
                    "roles": [
                        "$orguser"
                    ],
                    "categoryName": "create"
                },
                "read": {
                    "roles": [
                        "$orguser"
                    ],
                    "categoryName": "read"
                },
                "update": {
                    "roles": [
                        "$orguser"
                    ],
                    "categoryName": "update"
                },
                "delete": {
                    "roles": [
                        "$orguser"
                    ],
                    "categoryName": "delete"
                }
            },
            "apis": {
                "jobDetail@importData": {
                    "name": "importData",
                    "verb": "post",
                    "roles": [
                        "$orguser"
                    ],
                    "operationId": "jobDetail@importData"
                },
                "jobDetail@scheduleApi": {
                    "name": "scheduleApi",
                    "verb": "post",
                    "roles": [
                        "$orguser"
                    ],
                    "operationId": "jobDetail@scheduleApi"
                },
                "jobDetail@hardDeleteById": {
                    "name": "hardDeleteById",
                    "verb": "delete",
                    "roles": [
                        "$orguser"
                    ],
                    "operationId": "jobDetail@hardDeleteById"
                },
                "jobDetail@deleteJob": {
                    "name": "deleteJob",
                    "verb": "delete",
                    "roles": [
                        "$orguser"
                    ],
                    "operationId": "jobDetail@deleteJob"
                },
                "jobDetail@hardDeleteAll": {
                    "name": "hardDeleteAll",
                    "verb": "delete",
                    "roles": [
                        "$orguser"
                    ],
                    "operationId": "jobDetail@hardDeleteAll"
                }
            }
        },
        "tags": [],
        "disabledAPI": [],
        "_v": 0,
        "relatedTo": [],
        "acls": [
            {
                "accessType": "*",
                "principalType": "ROLE",
                "principalId": "$authenticated",
                "permission": "ALLOW",
                "property": "*"
            }
        ]
    },
    {
        "_id": "S1TVEIOV5u_",
        "deploymentVersion": 1,
        "name": "Rule",
        "plural": "Rules",
        "properties": {
            "id": {
                "required": true,
                "label": "id",
                "type": "string",
                "isArray": false,
                "propertyName": "id",
                "id": true,
                "index": true,
                "builtIn": true,
                "displayInView": true,
                "defaultVal": ""
            },
            "Rule": {
                "label": "",
                "type": "string",
                "isArray": false,
                "propertyName": "Rule",
                "system": true,
                "id": false,
                "index": false,
                "displayInView": true,
                "defaultVal": ""
            },
            "Name": {
                "label": "",
                "type": "string",
                "isArray": false,
                "propertyName": "Name",
                "system": true,
                "id": false,
                "index": false,
                "displayInView": true,
                "defaultVal": ""
            },
            "CreatorName": {
                "label": "",
                "type": "string",
                "isArray": false,
                "propertyName": "CreatorName",
                "system": true,
                "id": false,
                "index": false,
                "displayInView": true,
                "defaultVal": ""
            },
            "CreatorId": {
                "label": "",
                "type": "string",
                "isArray": false,
                "propertyName": "CreatorId",
                "system": true,
                "id": false,
                "index": false,
                "displayInView": true,
                "defaultVal": ""
            },
            "MetaData": {
                "label": "",
                "type": "Object",
                "isArray": false,
                "propertyName": "MetaData",
                "system": true,
                "id": false,
                "index": false,
                "displayInView": true,
                "defaultVal": ""
            },
            "ModelName": {
                "label": "",
                "type": "string",
                "isArray": false,
                "propertyName": "ModelName",
                "system": true,
                "id": false,
                "index": false,
                "displayInView": true,
                "defaultVal": ""
            },
            "ModelSchema": {
                "label": "",
                "type": "Object",
                "isArray": false,
                "propertyName": "ModelSchema",
                "system": true,
                "id": false,
                "index": false,
                "displayInView": true,
                "defaultVal": ""
            }
        },
        "persistedModel": true,
        "_doctype": "Model",
        "backendId": "SyzW4vhUO",
        "dataSource": "mongoDb",
        "system": true,
        "_deleted": false,
        "_createdAt": "2021-04-21T14:13:07.107Z",
        "_modifiedAt": "2021-04-21T14:13:07.107Z",
        "_lv": 1,
        "strict": true,
        "mixins": {
            "Deletemixin": {
                "softDelete": true
            }
        },
        "permissions": {
            "categories": {
                "create": {
                    "roles": [
                        "$authenticated"
                    ],
                    "categoryName": "create"
                },
                "read": {
                    "roles": [
                        "$authenticated"
                    ],
                    "categoryName": "read"
                },
                "update": {
                    "roles": [
                        "$authenticated"
                    ],
                    "categoryName": "update"
                },
                "delete": {
                    "roles": [
                        "$authenticated"
                    ],
                    "categoryName": "delete"
                }
            }
        },
        "tags": [],
        "disabledAPI": [],
        "_v": 0,
        "relatedTo": [],
        "acls": [
            {
                "accessType": "*",
                "principalType": "ROLE",
                "principalId": "$authenticated",
                "permission": "ALLOW",
                "property": "*"
            }
        ]
    },
    {
        "_id": "HJRVELdVq_u",
        "deploymentVersion": 1,
        "name": "s3ObjectRoleMapping",
        "plural": "s3ObjectRoleMapping",
        "properties": {
            "id": {
                "index": true,
                "type": "string",
                "id": true,
                "required": true
            },
            "resource": {
                "type": "string",
                "system": true
            },
            "principals": {
                "type": "Object",
                "system": true
            }
        },
        "persistedModel": true,
        "_doctype": "Model",
        "backendId": "SyzW4vhUO",
        "dataSource": "mongoDb",
        "system": true,
        "_deleted": false,
        "_createdAt": "2021-04-21T14:13:07.106Z",
        "_modifiedAt": "2021-04-21T14:13:07.106Z",
        "_lv": 1,
        "strict": false,
        "mixins": {
            "Deletemixin": {
                "softDelete": true
            }
        },
        "permissions": {
            "categories": {
                "create": {
                    "roles": [
                        "$authenticated"
                    ],
                    "categoryName": "create"
                },
                "read": {
                    "roles": [
                        "$authenticated"
                    ],
                    "categoryName": "read"
                },
                "update": {
                    "roles": [
                        "$authenticated"
                    ],
                    "categoryName": "update"
                },
                "delete": {
                    "roles": [
                        "$authenticated"
                    ],
                    "categoryName": "delete"
                }
            }
        },
        "tags": [],
        "disabledAPI": [],
        "_v": 0,
        "relatedTo": [],
        "acls": [
            {
                "accessType": "*",
                "principalType": "ROLE",
                "principalId": "$everyone",
                "permission": "DENY"
            },
            {
                "accessType": "*",
                "principalType": "ROLE",
                "principalId": "$authenticated",
                "permission": "ALLOW",
                "property": "*"
            }
        ]
    },
    {
        "_id": "S11BVIuE5uu",
        "deploymentVersion": 1,
        "name": "AccessKey",
        "plural": "AccessKeys",
        "properties": {
            "id": {
                "defaultVal": "",
                "propertyName": "id",
                "regExp": "",
                "strict": true,
                "maxLength": 0,
                "displayInView": true,
                "system": true,
                "isArray": false,
                "index": true,
                "label": "id",
                "minLength": 0,
                "type": "string",
                "id": true,
                "description": ""
            },
            "accesskey": {
                "defaultVal": "",
                "propertyName": "accesskey",
                "useDefaultValCheck": false,
                "regExp": "",
                "maxLength": 0,
                "displayInView": true,
                "isArray": false,
                "index": true,
                "label": "accesskey",
                "minLength": 0,
                "type": "string",
                "id": false,
                "description": "",
                "proptype": "user_defined",
                "system": true
            },
            "accesssecret": {
                "defaultVal": "",
                "propertyName": "accesssecret",
                "useDefaultValCheck": false,
                "regExp": "",
                "maxLength": 0,
                "displayInView": true,
                "isArray": false,
                "index": true,
                "label": "accesssecret",
                "minLength": 0,
                "type": "string",
                "id": false,
                "description": "accesssecret",
                "proptype": "user_defined",
                "system": true
            },
            "expiresat": {
                "type": "date",
                "required": false,
                "system": true
            }
        },
        "persistedModel": true,
        "_doctype": "Model",
        "backendId": "SyzW4vhUO",
        "dataSource": "mongoDb",
        "system": true,
        "_deleted": false,
        "_createdAt": "2021-04-21T14:13:07.104Z",
        "_modifiedAt": "2021-04-21T14:13:07.104Z",
        "_lv": 1,
        "strict": false,
        "mixins": {
            "Deletemixin": {
                "softDelete": true
            }
        },
        "permissions": {
            "categories": {
                "create": {
                    "roles": [
                        "$instanceowner"
                    ],
                    "categoryName": "create"
                },
                "read": {
                    "roles": [
                        "$instanceowner"
                    ],
                    "categoryName": "read"
                },
                "update": {
                    "roles": [
                        "$instanceowner"
                    ],
                    "categoryName": "update"
                },
                "delete": {
                    "roles": [
                        "$instanceowner"
                    ],
                    "categoryName": "delete"
                }
            }
        },
        "tags": [],
        "disabledAPI": [],
        "_v": 0,
        "relatedTo": [],
        "acls": [
            {
                "accessType": "*",
                "principalType": "ROLE",
                "principalId": "$everyone",
                "permission": "DENY"
            },
            {
                "principalType": "ROLE",
                "permission": "ALLOW",
                "accessType": "EXECUTE",
                "principalId": "$instanceowner",
                "property": "*"
            },
            {
                "principalType": "ROLE",
                "permission": "ALLOW",
                "accessType": "EXECUTE",
                "principalId": "$everyone",
                "property": [
                    "verifySignatureV2",
                    "verifySignatureV4",
                    "getCanonicalIds",
                    "getEmailAddresses"
                ]
            }
        ]
    },
    {
        "_id": "BkxHN8_VqOd",
        "deploymentVersion": 1,
        "name": "OrganizationDomain",
        "plural": "OrganizationDomains",
        "properties": {
            "domain": {
                "type": "String",
                "id": true,
                "required": true,
                "index": true
            },
            "createdBy": {
                "type": "String"
            },
            "modifiedBy": {
                "type": "String"
            },
            "createdDate": {
                "type": "Date"
            },
            "modifiedDate": {
                "type": "Date"
            },
            "orgId": {
                "type": "String"
            }
        },
        "persistedModel": true,
        "_doctype": "Model",
        "backendId": "SyzW4vhUO",
        "dataSource": "mongoDb",
        "system": true,
        "_deleted": false,
        "_createdAt": "2021-04-21T14:13:07.102Z",
        "_modifiedAt": "2021-04-21T14:13:07.102Z",
        "_lv": 1,
        "strict": true,
        "mixins": {
            "Deletemixin": {
                "softDelete": true
            }
        },
        "permissions": {
            "categories": {
                "create": {
                    "roles": [
                        "$authenticated"
                    ],
                    "categoryName": "create"
                },
                "read": {
                    "roles": [
                        "$authenticated"
                    ],
                    "categoryName": "read"
                },
                "update": {
                    "roles": [
                        "$authenticated"
                    ],
                    "categoryName": "update"
                },
                "delete": {
                    "roles": [
                        "$authenticated"
                    ],
                    "categoryName": "delete"
                }
            }
        },
        "tags": [],
        "disabledAPI": [],
        "_v": 0,
        "relatedTo": [],
        "acls": [
            {
                "accessType": "*",
                "principalType": "ROLE",
                "principalId": "$authenticated",
                "permission": "ALLOW",
                "property": "*"
            }
        ]
    },
    {
        "_id": "SyWr4UuVquO",
        "name": "$owner",
        "type": "check",
        "resolver": "function $owner(role, context) {  return '';  }",
        "backendId": "SyzW4vhUO",
        "_doctype": "Role",
        "_lv": 1,
        "displayName": "",
        "_modifiedAt": "2021-04-20T13:53:07.084Z",
        "_createdAt": "2021-04-20T13:53:07.084Z",
        "_deleted": false,
        "_v": 0
    },
    {
        "_id": "SyMHVUOVc_d",
        "name": "Admin",
        "type": "role",
        "backendId": "SyzW4vhUO",
        "_doctype": "Role",
        "_lv": 1,
        "displayName": "",
        "_modifiedAt": "2021-04-20T13:53:07.084Z",
        "_createdAt": "2021-04-20T13:53:07.084Z",
        "_deleted": false,
        "_v": 0
    },
    {
        "_id": "HkmHVIuE5_d",
        "name": "$unauthenticated",
        "type": "check",
        "resolver": "function $unauthenticated(role, context) {  return '';  }",
        "backendId": "SyzW4vhUO",
        "_doctype": "Role",
        "_lv": 1,
        "displayName": "",
        "_modifiedAt": "2021-04-20T13:53:07.084Z",
        "_createdAt": "2021-04-20T13:53:07.084Z",
        "_deleted": false,
        "_v": 0
    },
    {
        "_id": "S1EB48OVqdd",
        "name": "Owner",
        "type": "role",
        "backendId": "SyzW4vhUO",
        "_doctype": "Role",
        "_lv": 1,
        "displayName": "",
        "_modifiedAt": "2021-04-20T13:53:07.084Z",
        "_createdAt": "2021-04-20T13:53:07.084Z",
        "_deleted": false,
        "_v": 0
    },
    {
        "_id": "SyBHNUOEqu_",
        "name": "$authenticated",
        "type": "check",
        "resolver": "function $authenticated(role, context) {  return '';  }",
        "backendId": "SyzW4vhUO",
        "_doctype": "Role",
        "_lv": 1,
        "displayName": "",
        "_modifiedAt": "2021-04-20T13:53:07.084Z",
        "_createdAt": "2021-04-20T13:53:07.084Z",
        "_deleted": false,
        "_v": 0
    },
    {
        "_id": "Hy8rNLdV5OO",
        "name": "Public",
        "type": "role",
        "backendId": "SyzW4vhUO",
        "_doctype": "Role",
        "_lv": 1,
        "displayName": "",
        "_modifiedAt": "2021-04-20T13:53:07.084Z",
        "_createdAt": "2021-04-20T13:53:07.084Z",
        "_deleted": false,
        "_v": 0
    },
    {
        "_id": "HkvrEIdNc_u",
        "name": "$everyone",
        "type": "check",
        "resolver": "function $everyone(role, context) {  return '';  }",
        "backendId": "SyzW4vhUO",
        "_doctype": "Role",
        "_lv": 1,
        "displayName": "",
        "_modifiedAt": "2021-04-20T13:53:07.084Z",
        "_createdAt": "2021-04-20T13:53:07.084Z",
        "_deleted": false,
        "_v": 0
    },
    {
        "_id": "Bk_HV8dN9uO",
        "deploymentVersion": 2,
        "name": "employee",
        "plural": "dfgdfs",
        "properties": {
            "orgId": {
                "defaultVal": "",
                "description": "",
                "displayInView": true,
                "id": false,
                "label": "orgId",
                "system": true,
                "propertyName": "orgId",
                "required": true,
                "type": "number"
            },
            "id": {
                "defaultVal": "",
                "description": "",
                "displayInView": true,
                "id": true,
                "index": true,
                "isArray": false,
                "label": "id",
                "system": true,
                "maxLength": 0,
                "minLength": 0,
                "propertyName": "id",
                "regExp": "",
                "required": false,
                "type": "string"
            }
        },
        "persistedModel": true,
        "_doctype": "Model",
        "backendId": "SyzW4vhUO",
        "dataSource": "mongoDb",
        "_deleted": false,
        "_createdAt": "2021-04-21T14:13:07.099Z",
        "_modifiedAt": "2021-04-21T14:13:07.099Z",
        "_lv": 1,
        "strict": true,
        "mixins": {
            "TrackChanges": false,
            "TenantMixin": true,
            "Deletemixin": {
                "softDelete": true
            }
        },
        "permissions": {
            "categories": {
                "create": {
                    "roles": [
                        "$orguser"
                    ]
                },
                "update": {
                    "roles": [
                        "$orguser"
                    ]
                },
                "read": {
                    "roles": [
                        "$orguser"
                    ]
                },
                "delete": {
                    "roles": [
                        "$orguser"
                    ]
                }
            }
        },
        "tags": [],
        "disabledAPI": [],
        "_v": 0,
        "relatedTo": [],
        "acls": [
            {
                "accessType": "*",
                "principalType": "ROLE",
                "principalId": "$authenticated",
                "permission": "ALLOW",
                "property": "*"
            }
        ]
    },
    {
        "_id": "HJKHVUu4qdO",
        "deploymentVersion": 3,
        "name": "shree",
        "plural": "shrees",
        "properties": {
            "id": {
                "type": "string",
                "required": false,
                "regExp": "",
                "propertyName": "id",
                "minLength": 0,
                "maxLength": 0,
                "system": true,
                "label": "id",
                "isArray": false,
                "index": true,
                "id": true,
                "displayInView": true,
                "description": "",
                "defaultVal": ""
            },
            "orgId": {
                "type": "number",
                "required": true,
                "propertyName": "orgId",
                "system": true,
                "label": "orgId",
                "id": false,
                "displayInView": true,
                "description": "",
                "defaultVal": ""
            }
        },
        "persistedModel": true,
        "_doctype": "Model",
        "backendId": "SyzW4vhUO",
        "dataSource": "mongoDb",
        "_deleted": false,
        "_createdAt": "2021-05-12T05:51:15.330Z",
        "_modifiedAt": "2021-05-12T05:51:15.330Z",
        "_lv": 1,
        "strict": true,
        "mixins": {
            "TenantMixin": true,
            "TrackChanges": false,
            "Deletemixin": {
                "softDelete": true
            }
        },
        "permissions": {
            "categories": {
                "delete": {
                    "roles": [
                        "$orguser"
                    ]
                },
                "read": {
                    "roles": [
                        "$orguser"
                    ]
                },
                "update": {
                    "roles": [
                        "$orguser"
                    ]
                },
                "create": {
                    "roles": [
                        "$orguser"
                    ]
                }
            }
        },
        "tags": [],
        "disabledAPI": [],
        "_v": 0,
        "relatedTo": [],
        "acls": [
            {
                "property": "*",
                "permission": "ALLOW",
                "principalId": "$authenticated",
                "principalType": "ROLE",
                "accessType": "*"
            }
        ]
    },
    {
        "_id": "S1nbKEcdu",
        "deploymentVersion": 5,
        "name": "fdgh",
        "plural": "fdghs",
        "properties": {
            "id": {
                "type": "string",
                "required": false,
                "regExp": "",
                "propertyName": "id",
                "minLength": 0,
                "maxLength": 0,
                "system": true,
                "label": "id",
                "isArray": false,
                "index": true,
                "id": true,
                "displayInView": true,
                "description": "",
                "defaultVal": ""
            },
            "orgId": {
                "type": "number",
                "required": true,
                "propertyName": "orgId",
                "system": true,
                "label": "orgId",
                "id": false,
                "displayInView": true,
                "description": "",
                "defaultVal": ""
            }
        },
        "persistedModel": true,
        "_doctype": "Model",
        "backendId": "SyzW4vhUO",
        "dataSource": "mongoDb",
        "_deleted": false,
        "_createdAt": "2021-05-13T05:28:35.833Z",
        "_modifiedAt": "2021-05-13T05:28:35.833Z",
        "_lv": 0,
        "strict": true,
        "mixins": {
            "TenantMixin": true,
            "TrackChanges": false,
            "Deletemixin": {
                "softDelete": true
            }
        },
        "permissions": {
            "categories": {
                "delete": {
                    "roles": [
                        "$orguser"
                    ]
                },
                "read": {
                    "roles": [
                        "$orguser"
                    ]
                },
                "update": {
                    "roles": [
                        "$orguser"
                    ]
                },
                "create": {
                    "roles": [
                        "$orguser"
                    ]
                }
            }
        },
        "tags": [],
        "disabledAPI": [],
        "_v": 1,
        "relatedTo": [],
        "acls": [
            {
                "property": "*",
                "permission": "ALLOW",
                "principalId": "$authenticated",
                "principalType": "ROLE",
                "accessType": "*"
            }
        ]
    },
    {
        "_id": "B1vHs4cdu",
        "deploymentVersion": 6,
        "name": "dfgh",
        "plural": "dfghs",
        "properties": {
            "id": {
                "type": "string",
                "required": false,
                "regExp": "",
                "propertyName": "id",
                "minLength": 0,
                "maxLength": 0,
                "system": true,
                "label": "id",
                "isArray": false,
                "index": true,
                "id": true,
                "displayInView": true,
                "description": "",
                "defaultVal": ""
            },
            "orgId": {
                "type": "number",
                "required": true,
                "propertyName": "orgId",
                "system": true,
                "label": "orgId",
                "id": false,
                "displayInView": true,
                "description": "",
                "defaultVal": ""
            }
        },
        "persistedModel": true,
        "_doctype": "Model",
        "backendId": "SyzW4vhUO",
        "dataSource": "mongoDb",
        "_deleted": false,
        "_createdAt": "2021-05-13T05:38:07.445Z",
        "_modifiedAt": "2021-05-13T05:38:07.445Z",
        "_lv": 0,
        "strict": true,
        "mixins": {
            "TenantMixin": true,
            "TrackChanges": false,
            "Deletemixin": {
                "softDelete": true
            }
        },
        "permissions": {
            "categories": {
                "delete": {
                    "roles": [
                        "$orguser"
                    ]
                },
                "read": {
                    "roles": [
                        "$orguser"
                    ]
                },
                "update": {
                    "roles": [
                        "$orguser"
                    ]
                },
                "create": {
                    "roles": [
                        "$orguser"
                    ]
                }
            }
        },
        "tags": [],
        "disabledAPI": [],
        "_v": 1,
        "relatedTo": [],
        "acls": [
            {
                "property": "*",
                "permission": "ALLOW",
                "principalId": "$authenticated",
                "principalType": "ROLE",
                "accessType": "*"
            }
        ]
    },
    {
        "_id": "HyHEnEcuO",
        "deploymentVersion": 7,
        "name": "cvn",
        "plural": "cvns",
        "properties": {
            "orgId": {
                "required": true,
                "description": "",
                "id": false,
                "type": "number",
                "label": "orgId",
                "system": true,
                "displayInView": true,
                "propertyName": "orgId",
                "defaultVal": ""
            },
            "dffffff": {
                "required": true,
                "createdBy": "bhagyshree@bitpod.io",
                "proptype": "user_defined",
                "description": "ff",
                "createdAt": 1620886395213,
                "id": false,
                "type": "boolean",
                "label": "dffffff",
                "index": false,
                "defaultValue": true,
                "isArray": false,
                "displayInView": true,
                "useDefaultValCheck": true,
                "propertyName": "dffffff",
                "defaultVal": false
            },
            "dfgdf": {
                "required": true,
                "createdBy": "bhagyshree@bitpod.io",
                "proptype": "user_defined",
                "description": "",
                "createdAt": 1620886407177,
                "id": false,
                "type": "string",
                "minLength": null,
                "label": "dfgdf",
                "index": true,
                "isArray": false,
                "displayInView": true,
                "maxLength": null,
                "regExp": "",
                "useDefaultValCheck": true,
                "propertyName": "dfgdf",
                "defaultVal": "dfgf"
            },
            "dsg": {
                "required": true,
                "createdBy": "bhagyshree@bitpod.io",
                "proptype": "user_defined",
                "description": "",
                "createdAt": 1620886422059,
                "id": false,
                "type": "GeoPoint",
                "label": "dsg",
                "index": false,
                "isArray": false,
                "displayInView": true,
                "propertyNameErrorValue": "",
                "useDefaultValCheck": false,
                "propertyName": "dsg",
                "defaultVal": ""
            },
            "sfffff": {
                "required": true,
                "createdBy": "bhagyshree@bitpod.io",
                "proptype": "user_defined",
                "createdAt": 1620886446909,
                "type": "Model",
                "of": "Rule",
                "relationId": "609cc3bd3d2744140da5ea7d",
                "label": "sfffff",
                "isArray": false,
                "relationName": "sd",
                "forceId": false,
                "propertyName": "sfffff"
            },
            "id": {
                "required": false,
                "description": "",
                "id": true,
                "type": "string",
                "minLength": 0,
                "label": "id",
                "index": true,
                "isArray": false,
                "system": true,
                "displayInView": true,
                "maxLength": 0,
                "regExp": "",
                "propertyName": "id",
                "defaultVal": ""
            }
        },
        "persistedModel": true,
        "_doctype": "Model",
        "backendId": "SyzW4vhUO",
        "dataSource": "mongoDb",
        "_deleted": false,
        "_createdAt": "2021-05-13T06:14:17.765Z",
        "_modifiedAt": "2021-05-13T06:14:17.765Z",
        "_lv": 0,
        "strict": true,
        "mixins": {
            "TenantMixin": true,
            "TrackChanges": false,
            "Deletemixin": {
                "softDelete": true
            }
        },
        "permissions": {
            "apis": {
                "cvn@getData_zMxn": {
                    "name": "getData_zMxn",
                    "verb": "get",
                    "roles": [],
                    "operationId": "cvn@getData_zMxn"
                },
                "cvn@createResource_bYSS": {
                    "name": "createResource_bYSS",
                    "verb": "post",
                    "roles": [],
                    "operationId": "cvn@createResource_bYSS"
                }
            },
            "categories": {
                "create": {
                    "roles": [
                        "$orguser"
                    ]
                },
                "update": {
                    "roles": [
                        "$orguser"
                    ]
                },
                "read": {
                    "roles": [
                        "$orguser"
                    ]
                },
                "delete": {
                    "roles": [
                        "$orguser"
                    ]
                }
            }
        },
        "tags": [],
        "disabledAPI": [
            {
                "operationId": "cvn.createResource_bYSS",
                "method": "post",
                "id": "BkJwZBcdd"
            }
        ],
        "_v": 2,
        "relatedTo": [],
        "acls": [
            {
                "property": "*",
                "permission": "ALLOW",
                "principalId": "$authenticated",
                "principalType": "ROLE",
                "accessType": "*"
            }
        ],
        "relations": [
            {
                "cascadeDelete": true,
                "_createdAt": "2021-05-13T05:42:04.973Z",
                "_modifiedAt": "2021-05-13T05:42:04.973Z",
                "type": "belongsTo",
                "_deleted": false,
                "_id": "609cbc2c11cbfc000ddd79aa",
                "_v": 1,
                "isForeignKeyAnArray": false,
                "deploymentVersion": 7,
                "backendId": "SyzW4vhUO",
                "system": true,
                "foreignKey": "orgId",
                "_lv": 0,
                "participated_models": [
                    "Organization",
                    "cvn"
                ],
                "B": {
                    "modelName": "cvn",
                    "name": "myOrganization"
                },
                "A": {
                    "modelName": "Organization",
                    "name": ""
                }
            }
        ]
    }
]